student_id,age,gender,learning_style,attendance,assignment_score,quiz_score,time_spent_hours,attempts,subject_strength,subject_weakness,previous_score,internet_access,parental_support,extracurricular,stress_level,engagement_score,consistency_score,learning_efficiency,final_score,cluster_label,predicted_score
S0001,20,Male,Reading/Writing,71.5,45.0,58.5,7.75,5,History,Biology,31.7,1,High,1,Medium,100.0,58.25,7.45,46.6,Fast Learner,53.07841
S0002,17,Male,Visual,76.5,56.3,22.3,6.91,5,Algebra,Physics,86.0,1,High,0,Medium,94.1,66.4,3.18,56.8,Fast Learner,56.962685
S0003,24,Female,Visual,83.3,69.8,70.5,7.02,8,Physics,Statistics,53.7,1,Medium,1,Medium,100.0,76.55,9.9,67.1,Fast Learner,68.70305
S0004,21,Female,Kinesthetic,75.6,100.0,67.7,0.99,7,Calculus,Geometry,66.1,0,Medium,0,Medium,44.9,87.8,62.11,76.6,Struggling Learner,76.46612
S0005,18,Male,Kinesthetic,75.6,57.6,50.8,8.9,8,Algebra,Geometry,57.8,1,Medium,1,Low,100.0,66.6,5.64,56.8,Fast Learner,57.09377
S0006,20,Female,Reading/Writing,90.5,61.8,69.9,3.88,6,Calculus,Statistics,97.5,1,High,0,High,68.8,76.15,17.56,73.1,Low Engagement,72.9131
S0007,23,Male,Kinesthetic,77.3,83.2,46.5,6.56,6,Chemistry,Computer Science,91.9,1,High,1,Medium,95.6,80.25,6.98,71.4,Fast Learner,70.83854
S0008,16,Male,Kinesthetic,87.9,47.7,74.6,10.05,2,Biology,Computer Science,28.8,0,Low,1,Low,100.0,67.8,7.35,58.5,Fast Learner,61.553642
S0009,20,Other,Kinesthetic,83.2,78.0,100.0,9.31,6,History,Literature,100.0,0,High,1,Low,100.0,80.6,10.63,87.0,Fast Learner,86.32516
S0010,24,Female,Visual,100.0,91.7,31.9,3.04,5,Statistics,History,51.4,1,Low,0,High,55.4,95.85,10.16,63.5,Low Engagement,65.77963
S0011,24,Male,Reading/Writing,81.1,64.5,57.7,2.11,3,Calculus,History,100.0,1,Medium,1,Low,36.1,72.8,26.11,73.0,Low Engagement,69.87416
S0012,21,Female,Auditory,84.6,88.5,54.5,7.86,6,Physics,Literature,59.9,1,Medium,1,High,100.0,86.55,6.85,65.5,Fast Learner,71.16385
S0013,18,Female,Visual,91.5,75.2,59.3,5.28,8,Literature,Physics,58.2,1,Medium,1,Low,92.8,83.35,11.02,65.1,Fast Learner,68.04526
S0014,17,Female,Kinesthetic,76.0,56.8,88.4,4.0,9,Chemistry,Calculus,60.1,1,High,0,High,85.0,66.4,21.56,68.8,Fast Learner,71.00653
S0015,21,Male,Visual,65.4,66.4,78.9,6.24,1,Literature,Physics,57.0,1,Medium,0,High,67.4,65.9,12.44,61.7,Low Engagement,64.1396
S0016,21,Male,Kinesthetic,67.9,63.2,85.0,4.67,3,Chemistry,Computer Science,100.0,1,Low,1,Medium,61.7,65.55,17.82,71.0,Low Engagement,72.18203
S0017,16,Female,Kinesthetic,68.0,68.4,68.6,6.4,3,Geometry,Statistics,63.5,1,Medium,1,Low,79.0,68.2,10.55,62.9,Fast Learner,63.291412
S0018,19,Female,Visual,60.7,72.7,41.6,5.13,8,Physics,History,59.0,1,Medium,1,Low,91.3,66.7,7.95,57.4,Fast Learner,57.01336
S0019,18,Female,Reading/Writing,79.8,80.6,45.7,6.44,1,Literature,Physics,66.5,0,Medium,1,Medium,69.4,80.2,6.99,69.3,Low Engagement,66.85541
S0020,15,Male,Kinesthetic,65.6,79.2,82.9,3.21,5,History,Computer Science,45.7,0,Medium,1,Medium,57.1,72.4,25.05,70.4,Low Engagement,70.83189
S0021,21,Female,Reading/Writing,77.9,26.2,71.4,7.85,3,Biology,History,96.9,1,Low,1,Low,93.5,52.05,8.98,61.8,Fast Learner,62.622578
S0022,19,Female,Auditory,72.6,68.2,93.2,6.4,2,Algebra,Literature,35.6,1,Medium,1,Low,74.0,70.4,14.34,65.7,Fast Learner,69.91457
S0023,15,Male,Kinesthetic,74.4,42.8,73.9,6.29,8,Statistics,Literature,52.7,1,Medium,0,Medium,100.0,58.6,11.56,60.9,Fast Learner,59.83596
S0024,18,Male,Reading/Writing,83.3,65.0,44.3,2.76,3,Biology,Literature,83.7,1,High,1,Medium,42.6,74.15,15.49,59.1,Low Engagement,62.668137
S0025,14,Female,Reading/Writing,66.9,67.8,57.6,8.4,7,Biology,Geometry,65.8,1,Low,0,Low,100.0,67.35,6.78,66.3,Fast Learner,63.679714
S0026,23,Female,Auditory,84.6,87.6,79.3,4.97,1,Chemistry,Computer Science,76.0,1,Medium,0,Low,54.7,86.1,15.64,74.2,Low Engagement,76.70829
S0027,19,Male,Reading/Writing,98.5,69.5,82.2,6.46,6,History,Chemistry,95.7,1,Medium,0,High,94.6,84.0,12.53,76.6,Fast Learner,80.16424
S0028,22,Male,Reading/Writing,80.1,74.7,85.1,4.35,3,Chemistry,Biology,85.1,1,Medium,0,Medium,58.5,77.4,19.12,78.1,Low Engagement,78.506996
S0029,14,Male,Auditory,63.3,84.3,47.0,5.52,8,Computer Science,Biology,67.7,1,Medium,1,High,95.2,73.8,8.36,73.4,Fast Learner,67.462616
S0030,24,Male,Kinesthetic,65.8,92.1,44.0,5.59,6,Calculus,History,100.0,1,High,1,Medium,85.9,78.95,7.73,67.1,Fast Learner,67.980225
S0031,24,Female,Reading/Writing,71.3,67.8,64.2,0.5,2,Statistics,Biology,52.4,1,High,1,Low,15.0,69.55,107.0,66.1,Struggling Learner,64.775536
S0032,23,Female,Reading/Writing,66.1,71.7,96.8,6.16,6,Calculus,Physics,63.0,1,High,0,Medium,91.6,68.9,15.46,80.0,Fast Learner,77.23246
S0033,16,Male,Reading/Writing,60.1,70.2,54.1,8.93,7,Algebra,Biology,64.4,1,Medium,1,Medium,100.0,65.15,5.99,63.3,Fast Learner,61.52342
S0034,20,Female,Visual,77.3,60.2,77.1,6.08,5,Computer Science,Chemistry,63.0,1,Medium,0,High,85.8,68.75,12.48,70.9,Fast Learner,65.554794
S0035,17,Female,Auditory,71.7,56.2,77.1,3.08,3,Physics,Calculus,43.6,1,High,1,Medium,45.8,63.95,24.25,62.1,Low Engagement,62.35288
S0036,22,Female,Visual,77.8,29.1,83.2,6.3,4,Algebra,Physics,33.3,1,Medium,1,Low,83.0,53.45,13.0,58.2,Fast Learner,61.10933
S0037,16,Female,Auditory,92.8,50.6,100.0,7.12,4,Algebra,Biology,73.3,1,Low,1,High,91.2,71.7,13.85,73.6,Fast Learner,75.71613
S0038,18,Male,Kinesthetic,71.5,38.0,99.2,6.02,6,Geometry,Literature,52.3,0,High,1,Medium,90.2,54.75,16.21,69.3,Fast Learner,68.29935
S0039,16,Male,Kinesthetic,57.2,92.6,56.1,4.85,1,Statistics,Geometry,100.0,1,Medium,1,High,53.5,74.9,11.33,70.7,Low Engagement,68.81055
S0040,20,Female,Reading/Writing,69.0,73.4,26.0,4.52,4,Chemistry,Statistics,63.5,1,Low,0,High,65.2,71.2,5.63,57.0,Low Engagement,56.79185
S0041,18,Female,Auditory,86.6,67.7,54.4,4.51,4,History,Biology,60.0,0,Medium,1,Low,65.1,77.15,11.8,61.8,Low Engagement,63.177467
S0042,22,Male,Kinesthetic,85.2,57.1,69.5,6.4,1,Calculus,Algebra,86.9,0,Medium,1,Medium,69.0,71.15,10.69,72.5,Low Engagement,68.34571
S0043,20,Female,Auditory,82.8,70.5,60.8,2.19,9,Algebra,Geometry,73.0,0,Medium,0,Medium,66.9,76.65,26.55,73.9,Low Engagement,72.76221
S0044,15,Female,Kinesthetic,65.6,54.7,100.0,4.26,4,Calculus,Literature,61.5,1,Medium,1,Medium,62.6,60.15,22.94,64.2,Low Engagement,68.59951
S0045,17,Male,Visual,86.3,73.1,68.4,8.19,7,Calculus,Computer Science,52.2,1,Low,1,Medium,100.0,79.7,8.25,69.2,Fast Learner,69.24404
S0046,22,Female,Kinesthetic,89.7,74.4,81.1,8.27,3,Physics,Biology,100.0,1,Low,1,High,97.7,82.05,9.69,86.2,Fast Learner,84.06257
S0047,15,Other,Visual,64.6,54.5,72.3,2.04,3,Statistics,Computer Science,72.2,1,Medium,0,High,35.4,59.55,33.79,58.6,Low Engagement,61.173897
S0048,23,Other,Kinesthetic,74.4,54.2,61.1,2.74,8,Statistics,Biology,86.7,1,High,0,Low,67.4,64.3,21.51,65.7,Low Engagement,64.33996
S0049,22,Male,Reading/Writing,100.0,87.3,29.5,4.46,8,Literature,Chemistry,44.5,1,Medium,1,Low,84.6,93.65,6.47,64.4,Fast Learner,64.01088
S0050,23,Female,Visual,63.9,69.0,66.4,6.79,1,Biology,Calculus,53.4,1,Low,0,Medium,72.9,66.45,9.64,64.4,Fast Learner,61.662857
S0051,18,Female,Kinesthetic,49.4,55.9,100.0,1.35,2,Statistics,Computer Science,100.0,1,Low,1,Low,23.5,52.65,68.97,71.3,Struggling Learner,72.359184
S0052,15,Female,Reading/Writing,95.7,63.3,43.1,4.89,8,Calculus,Geometry,92.9,0,High,1,High,88.9,79.5,8.64,69.8,Fast Learner,69.94909
S0053,17,Other,Visual,92.0,51.8,31.7,4.05,1,Chemistry,Geometry,74.2,1,Medium,1,Medium,45.5,71.9,7.64,49.4,Low Engagement,54.04173
S0054,20,Female,Reading/Writing,68.1,68.8,100.0,7.65,8,Calculus,Chemistry,57.4,1,Medium,1,Medium,100.0,68.45,12.9,71.1,Fast Learner,74.34477
S0055,21,Female,Auditory,73.3,85.0,82.8,1.65,8,Chemistry,Statistics,60.3,1,Low,1,Low,56.5,79.15,47.31,83.3,Low Engagement,80.323265
S0056,16,Female,Auditory,56.6,69.5,71.7,5.19,2,Literature,Physics,51.5,1,High,0,High,61.9,63.05,13.55,72.8,Low Engagement,61.646595
S0057,14,Female,Visual,76.3,100.0,95.3,4.21,4,Chemistry,Calculus,41.9,1,Medium,0,Low,62.1,88.15,22.11,81.6,Low Engagement,79.594955
S0058,17,Male,Kinesthetic,92.5,77.6,51.4,7.94,6,Statistics,Chemistry,83.5,1,Medium,1,High,100.0,85.05,6.39,79.8,Fast Learner,75.74511
S0059,15,Male,Visual,66.9,74.1,65.9,6.2,9,Physics,Calculus,75.8,1,Low,1,Medium,100.0,70.5,10.46,64.4,Fast Learner,66.74938
S0060,21,Male,Reading/Writing,88.2,53.7,87.1,3.83,8,Chemistry,History,79.7,0,Medium,1,High,78.3,70.95,22.16,71.1,Fast Learner,72.12496
S0061,17,Female,Kinesthetic,82.0,65.7,100.0,6.71,8,Calculus,Literature,58.3,1,High,1,Medium,100.0,73.85,14.68,85.4,Fast Learner,81.96751
S0062,15,Male,Auditory,83.7,56.0,44.6,4.22,7,History,Statistics,70.1,1,High,1,Low,77.2,69.85,10.32,63.0,Fast Learner,61.228188
S0063,19,Female,Kinesthetic,67.7,31.0,93.6,7.0,9,Statistics,Literature,56.4,1,Medium,0,High,100.0,49.35,13.18,71.2,Fast Learner,69.39356
S0064,19,Male,Auditory,69.7,87.5,75.6,4.53,2,History,Biology,50.5,1,High,0,Low,55.3,78.6,16.33,73.4,Low Engagement,71.84002
S0065,23,Female,Kinesthetic,47.3,60.8,71.3,7.11,3,Computer Science,Calculus,98.3,1,Low,0,Medium,86.1,54.05,9.89,58.3,Fast Learner,60.7729
S0066,17,Female,Kinesthetic,66.5,56.3,67.8,5.87,8,Computer Science,Biology,67.4,1,Medium,1,Low,98.7,61.4,11.36,64.1,Fast Learner,64.04787
S0067,19,Female,Kinesthetic,92.5,73.8,40.3,11.52,6,Calculus,Algebra,75.1,1,Medium,1,High,100.0,83.15,3.47,71.9,Fast Learner,71.27942
S0068,15,Male,Reading/Writing,61.1,79.2,87.3,4.89,9,Computer Science,Calculus,81.7,1,Medium,1,High,93.9,70.15,17.49,74.8,Fast Learner,73.93903
S0069,23,Female,Reading/Writing,63.3,64.2,52.4,5.77,4,Biology,Chemistry,67.7,1,High,1,Medium,77.7,63.75,8.93,57.3,Fast Learner,56.775234
S0070,15,Female,Visual,84.6,70.0,46.4,4.04,8,Literature,Statistics,69.8,1,Low,1,Medium,80.4,77.3,11.21,66.2,Fast Learner,66.62968
S0071,23,Male,Visual,81.0,83.4,85.7,5.01,3,Statistics,Biology,43.3,0,Medium,1,High,65.1,82.2,16.77,72.5,Low Engagement,74.651245
S0072,17,Female,Auditory,85.3,63.5,83.8,0.5,3,History,Calculus,47.1,1,Medium,0,Low,20.0,74.4,139.67,76.0,Struggling Learner,75.19903
S0073,21,Female,Reading/Writing,57.6,75.4,69.6,5.93,8,Calculus,Algebra,46.0,1,Medium,1,High,99.3,66.5,11.54,65.0,Fast Learner,64.87622
S0074,20,Male,Auditory,100.0,40.1,89.6,7.69,5,Biology,Literature,77.1,1,Medium,1,Low,100.0,70.05,11.5,71.2,Fast Learner,72.48718
S0075,22,Female,Visual,56.8,47.7,96.5,5.79,3,Calculus,Chemistry,66.4,0,Low,0,High,72.9,52.25,16.38,70.9,Low Engagement,68.54888
S0076,21,Male,Auditory,77.3,80.9,94.2,2.37,1,Biology,History,47.1,1,High,1,High,28.7,79.1,38.14,79.2,Low Engagement,76.65485
S0077,18,Male,Visual,72.6,46.7,57.4,3.4,3,Computer Science,Calculus,76.6,0,Medium,1,High,49.0,59.65,16.4,55.6,Low Engagement,55.564106
S0078,15,Male,Reading/Writing,57.2,74.2,88.3,0.5,9,Computer Science,History,75.9,1,Medium,0,Medium,50.0,65.7,147.17,77.1,Struggling Learner,77.21952
S0079,18,Male,Kinesthetic,69.4,67.4,72.2,6.96,5,Chemistry,Geometry,51.1,1,High,1,Medium,94.6,68.4,10.23,64.8,Fast Learner,64.1177
S0080,21,Male,Reading/Writing,75.3,63.4,100.0,2.99,2,Geometry,Statistics,64.4,1,High,1,Medium,39.9,69.35,32.36,71.2,Low Engagement,75.81528
S0081,23,Female,Auditory,65.3,55.1,65.5,4.94,7,Calculus,Statistics,75.9,1,Low,0,Low,84.4,60.2,13.0,53.5,Fast Learner,58.019016
S0082,22,Female,Auditory,89.1,86.4,60.9,4.69,2,Chemistry,Computer Science,47.8,1,High,1,Medium,56.9,87.75,12.71,67.9,Low Engagement,71.087585
S0083,22,Female,Reading/Writing,72.6,100.0,55.7,7.98,4,Statistics,Algebra,76.3,1,Low,0,Medium,99.8,86.3,6.89,70.4,Fast Learner,74.34852
S0084,14,Female,Reading/Writing,54.9,75.4,71.8,5.17,7,Chemistry,Biology,71.0,1,Low,1,High,86.7,65.15,13.62,67.3,Fast Learner,66.50894
S0085,22,Female,Visual,53.6,75.8,77.3,6.62,4,Algebra,Computer Science,45.0,1,Medium,0,Medium,86.2,64.7,11.5,67.7,Fast Learner,65.34417
S0086,20,Female,Auditory,84.1,57.7,77.7,6.09,7,Computer Science,Geometry,69.4,1,High,1,Low,95.9,70.9,12.55,66.5,Fast Learner,68.62729
S0087,22,Male,Auditory,52.7,48.5,75.0,7.72,7,Algebra,Statistics,72.3,1,Low,1,Medium,100.0,50.6,9.59,62.3,Fast Learner,62.838623
S0088,21,Male,Reading/Writing,79.7,69.3,81.4,4.52,1,Calculus,Literature,52.5,1,Medium,0,Medium,50.2,74.5,17.62,65.3,Low Engagement,67.63957
S0089,14,Male,Kinesthetic,81.7,52.5,63.5,8.74,6,History,Chemistry,54.1,1,Low,1,Low,100.0,67.1,7.18,62.0,Fast Learner,62.066555
S0090,21,Male,Auditory,60.1,38.1,50.5,1.03,9,History,Statistics,44.8,1,High,1,Low,55.3,49.1,44.69,45.6,Low Engagement,46.12304
S0091,21,Female,Kinesthetic,88.4,84.5,48.8,6.71,2,Statistics,Geometry,56.0,1,Medium,1,High,77.1,86.45,7.17,71.3,Fast Learner,67.14014
S0092,24,Male,Reading/Writing,49.2,85.3,87.5,3.27,3,Chemistry,Biology,64.8,1,Medium,1,Medium,47.7,67.25,25.96,71.5,Low Engagement,72.52043
S0093,16,Female,Reading/Writing,79.4,54.5,77.4,4.01,5,History,Chemistry,54.1,1,Medium,1,Medium,65.1,66.95,18.83,65.1,Low Engagement,63.570446
S0094,14,Other,Visual,74.4,74.4,30.9,6.14,9,Biology,Literature,35.3,1,High,0,Medium,100.0,74.4,4.95,52.1,Fast Learner,59.46461
S0095,21,Female,Auditory,73.2,88.0,89.9,6.12,4,Biology,Statistics,51.2,1,High,0,High,81.2,80.6,14.45,75.9,Fast Learner,75.06941
S0096,16,Male,Kinesthetic,57.3,73.7,100.0,6.21,1,Statistics,Algebra,56.7,0,Medium,1,Low,67.1,65.5,15.85,82.1,Low Engagement,77.37482
S0097,16,Male,Visual,60.9,48.5,53.7,2.23,4,Literature,History,81.3,1,Medium,1,High,42.3,54.7,23.05,52.0,Low Engagement,52.06132
S0098,14,Female,Auditory,99.3,65.8,74.7,7.9,6,Computer Science,History,76.9,1,High,0,Low,100.0,82.55,9.34,78.4,Fast Learner,77.87331
S0099,24,Female,Visual,93.2,93.9,58.5,3.2,5,Chemistry,Calculus,81.7,1,Low,1,High,57.0,93.55,17.73,75.7,Low Engagement,73.439224
S0100,18,Male,Reading/Writing,86.1,74.4,80.6,3.47,1,Calculus,Geometry,50.2,1,High,0,Medium,39.7,80.25,22.58,74.4,Low Engagement,73.90657
S0101,23,Female,Auditory,89.1,79.7,44.7,6.28,4,Physics,Calculus,67.8,1,High,1,Medium,82.8,84.4,7.01,70.8,Fast Learner,69.2884
S0102,20,Male,Visual,87.7,76.1,66.6,4.43,6,Physics,Chemistry,16.5,1,Low,0,Medium,74.3,81.9,14.7,65.0,Fast Learner,67.42174
S0103,23,Male,Visual,70.1,54.6,87.6,5.62,4,Physics,Calculus,73.6,0,Medium,0,Medium,76.2,62.35,15.31,72.6,Fast Learner,70.42766
S0104,22,Male,Kinesthetic,75.7,58.8,92.7,0.69,9,History,Computer Science,77.2,1,Medium,1,Low,51.9,67.25,117.34,91.0,Struggling Learner,84.05242
S0105,20,Male,Visual,52.9,76.1,76.5,5.57,5,Literature,Physics,58.0,1,Medium,0,High,80.7,64.5,13.49,69.1,Fast Learner,65.64057
S0106,22,Other,Auditory,73.7,84.7,61.2,5.44,8,Literature,Chemistry,70.9,1,Medium,1,Low,94.4,79.2,11.05,78.7,Fast Learner,74.29125
S0107,21,Female,Auditory,92.8,89.8,36.1,3.98,9,Chemistry,History,34.7,1,Medium,0,High,84.8,91.3,8.85,67.0,Fast Learner,65.98679
S0108,15,Male,Kinesthetic,65.1,54.6,52.8,0.85,5,Chemistry,Biology,49.0,1,Medium,1,High,33.5,59.85,55.58,50.2,Struggling Learner,51.299736
S0109,14,Female,Auditory,90.3,77.8,58.6,4.57,6,Literature,History,80.3,1,Medium,1,Medium,75.7,84.05,12.55,73.1,Fast Learner,71.721886
S0110,20,Female,Reading/Writing,76.4,91.4,54.0,4.93,1,Statistics,Calculus,75.2,0,Medium,0,High,54.3,83.9,10.74,67.6,Low Engagement,68.712975
S0111,20,Female,Auditory,54.2,52.2,69.2,4.27,7,Chemistry,Statistics,56.8,1,Low,1,Medium,77.7,53.2,15.84,54.7,Fast Learner,55.864117
S0112,21,Male,Auditory,58.4,96.8,61.2,1.33,4,Statistics,Chemistry,81.2,0,High,1,Low,33.3,77.6,42.8,69.7,Low Engagement,71.26234
S0113,18,Male,Visual,88.8,99.5,71.4,8.19,2,Algebra,Biology,67.8,1,Low,1,High,91.9,94.15,8.61,79.8,Fast Learner,81.01677
S0114,16,Male,Visual,83.3,100.0,92.1,3.72,5,Biology,Literature,54.9,1,High,1,Medium,62.2,91.65,24.11,78.4,Low Engagement,80.67611
S0115,21,Male,Auditory,76.5,74.2,59.9,4.56,3,Computer Science,Algebra,61.3,1,Medium,1,Medium,60.6,75.35,12.85,78.9,Low Engagement,70.435265
S0116,19,Male,Kinesthetic,70.9,74.3,40.3,0.5,6,Chemistry,History,55.9,1,Medium,0,Medium,35.0,72.6,67.17,63.2,Struggling Learner,61.659534
S0117,24,Female,Visual,78.2,84.9,54.0,8.19,8,Literature,History,41.3,1,High,0,Medium,100.0,81.55,6.51,67.8,Fast Learner,65.021706
S0118,16,Male,Kinesthetic,88.2,84.4,79.7,4.07,7,Biology,Chemistry,90.1,1,Medium,1,High,75.7,86.3,19.11,81.2,Fast Learner,80.895874
S0119,14,Male,Auditory,97.1,90.3,81.6,5.2,3,Biology,Statistics,53.6,0,Medium,1,Low,67.0,93.7,15.4,86.7,Low Engagement,82.545975
S0120,16,Male,Auditory,97.9,84.1,76.1,7.24,8,Geometry,Calculus,48.4,1,Low,0,Medium,100.0,91.0,10.37,88.7,Fast Learner,85.541115
S0121,18,Male,Reading/Writing,80.6,68.1,94.0,3.65,2,Literature,Calculus,34.4,0,Medium,1,Medium,46.5,74.35,25.07,75.5,Low Engagement,73.44569
S0122,16,Male,Visual,72.4,92.0,64.3,6.93,9,Computer Science,Chemistry,12.3,1,Medium,1,Medium,100.0,82.2,9.15,68.2,Fast Learner,68.16076
S0123,14,Male,Auditory,77.2,50.7,100.0,0.88,4,Literature,History,79.0,1,Low,1,Medium,28.8,63.95,102.04,83.1,Struggling Learner,81.25702
S0124,18,Male,Reading/Writing,82.8,70.1,84.4,6.1,1,Chemistry,Biology,80.9,1,Medium,0,Low,66.0,76.45,13.61,76.0,Low Engagement,76.42116
S0125,23,Male,Visual,82.8,98.1,17.5,8.14,8,Calculus,Algebra,88.9,1,Low,1,Low,100.0,90.45,2.12,67.0,Fast Learner,72.88304
S0126,20,Male,Auditory,94.6,47.5,100.0,3.84,7,Algebra,Chemistry,62.0,1,Medium,0,Low,73.4,71.05,25.38,80.5,Low Engagement,76.61443
S0127,20,Female,Auditory,100.0,57.8,52.7,7.24,5,Statistics,Biology,58.6,1,Low,1,High,97.4,78.9,7.18,63.4,Fast Learner,63.378777
S0128,24,Male,Visual,71.9,82.1,47.3,8.67,5,Calculus,Biology,54.8,1,Low,1,Low,100.0,77.0,5.39,53.3,Fast Learner,57.50652
S0129,22,Male,Visual,100.0,77.1,78.5,4.49,7,Algebra,Literature,56.7,1,Low,1,High,79.9,88.55,17.1,75.6,Fast Learner,77.607666
S0130,23,Male,Visual,92.6,54.2,33.2,4.32,5,Calculus,Computer Science,87.4,1,High,0,High,68.2,73.4,7.51,62.1,Low Engagement,61.404736
S0131,23,Female,Auditory,73.5,62.5,54.1,3.2,8,Statistics,Physics,64.5,1,Low,0,High,72.0,68.0,16.39,64.3,Low Engagement,62.322918
S0132,16,Male,Auditory,97.5,48.7,99.1,3.98,6,History,Algebra,72.6,1,Medium,1,High,69.8,73.1,24.29,83.7,Low Engagement,76.45654
S0133,20,Female,Reading/Writing,100.0,87.6,79.1,3.37,5,Literature,Geometry,56.2,1,Low,1,Low,58.7,93.8,22.8,78.0,Low Engagement,78.67004
S0134,14,Female,Kinesthetic,68.1,65.4,84.2,3.2,9,Calculus,Statistics,91.4,1,High,0,Low,77.0,66.75,25.52,80.7,Fast Learner,75.05632
S0135,17,Male,Visual,100.0,100.0,54.9,7.4,2,Chemistry,Physics,26.9,0,Low,1,Medium,84.0,100.0,7.32,74.7,Fast Learner,73.135475
S0136,17,Female,Auditory,91.1,71.5,37.2,3.42,1,Computer Science,Literature,40.6,0,High,0,Low,39.2,81.3,10.57,60.9,Low Engagement,61.234467
S0137,18,Female,Auditory,100.0,66.0,82.1,5.52,8,Physics,Algebra,72.6,1,Medium,0,High,95.2,83.0,14.61,82.5,Fast Learner,80.73997
S0138,20,Male,Visual,68.6,64.3,86.6,5.08,3,Chemistry,Calculus,100.0,1,Low,0,Medium,65.8,66.45,16.72,66.3,Low Engagement,71.08756
S0139,20,Male,Kinesthetic,69.7,65.6,85.7,8.0,7,Statistics,Physics,60.5,0,High,0,High,100.0,67.65,10.58,66.0,Fast Learner,71.69893
S0140,24,Female,Visual,44.6,72.0,72.2,3.99,8,Computer Science,Calculus,48.2,1,Medium,0,Low,79.9,58.3,17.65,56.0,Fast Learner,58.090508
S0141,17,Female,Kinesthetic,83.6,100.0,48.7,5.76,6,Chemistry,Statistics,85.0,1,Medium,1,High,87.6,91.8,8.31,79.6,Fast Learner,78.61413
S0142,20,Other,Auditory,80.6,63.9,100.0,6.58,9,Biology,Calculus,71.5,1,High,1,Low,100.0,72.25,14.97,77.1,Fast Learner,79.48347
S0143,24,Male,Kinesthetic,66.6,64.5,77.6,7.98,7,Literature,Statistics,90.8,1,High,1,Medium,100.0,65.55,9.6,80.7,Fast Learner,73.249794
S0144,16,Female,Reading/Writing,73.8,71.2,64.5,3.96,5,Computer Science,Algebra,39.2,0,Medium,0,Medium,64.6,72.5,15.89,63.5,Low Engagement,63.684593
S0145,19,Male,Auditory,55.3,89.6,64.6,3.76,8,Biology,History,89.2,1,Medium,0,High,77.6,72.45,16.74,62.7,Fast Learner,67.48201
S0146,15,Female,Reading/Writing,93.0,44.4,71.0,2.88,2,Chemistry,Statistics,34.0,1,High,0,Medium,38.8,68.7,23.83,57.6,Low Engagement,59.650887
S0147,23,Female,Visual,67.7,78.2,89.4,9.47,7,Algebra,Biology,59.2,1,Medium,0,High,100.0,72.95,9.34,75.5,Fast Learner,75.802925
S0148,22,Male,Visual,100.0,55.3,71.8,7.77,4,Geometry,Algebra,73.3,1,High,1,High,97.7,77.65,9.12,74.5,Fast Learner,74.09038
S0149,18,Male,Visual,72.4,80.0,85.2,4.92,9,Algebra,Geometry,68.7,1,Medium,1,High,94.2,76.2,16.97,71.4,Fast Learner,79.05149
S0150,19,Male,Kinesthetic,63.6,61.1,71.0,8.86,1,Literature,Chemistry,86.2,1,Medium,0,Low,93.6,62.35,7.92,69.0,Fast Learner,67.88228
S0151,17,Male,Auditory,68.8,28.5,65.8,4.8,7,Computer Science,Geometry,28.5,0,High,0,High,83.0,48.65,13.43,54.9,Fast Learner,53.615154
S0152,24,Male,Visual,53.8,76.7,80.8,6.45,6,Computer Science,Chemistry,67.8,1,Low,0,High,94.5,65.25,12.34,66.4,Fast Learner,69.024796
S0153,23,Female,Visual,82.2,76.5,80.1,5.02,8,Literature,Geometry,89.0,1,Medium,0,Low,90.2,79.35,15.64,87.6,Fast Learner,81.78846
S0154,20,Female,Auditory,68.7,59.6,64.6,5.8,5,Biology,Statistics,66.2,0,Medium,1,Low,83.0,64.15,10.95,59.9,Fast Learner,61.409794
S0155,22,Female,Visual,92.0,58.5,53.0,5.58,1,Geometry,Biology,42.2,1,Medium,0,Low,60.8,75.25,9.33,55.4,Low Engagement,59.636364
S0156,20,Female,Reading/Writing,70.9,46.4,74.8,4.15,1,Chemistry,History,85.2,1,Low,1,Low,46.5,58.65,17.6,55.2,Low Engagement,62.815784
S0157,14,Female,Auditory,95.8,83.9,69.6,7.18,9,Statistics,Calculus,52.0,1,High,1,Medium,100.0,89.85,9.56,82.3,Fast Learner,81.29987
S0158,14,Female,Auditory,86.4,85.9,56.9,6.43,6,Algebra,Literature,48.5,1,Medium,1,High,94.3,86.15,8.71,70.2,Fast Learner,70.43575
S0159,22,Female,Auditory,75.4,54.2,51.2,7.06,5,Algebra,Geometry,46.0,1,Medium,1,Medium,95.6,64.8,7.15,54.6,Fast Learner,55.087597
S0160,24,Male,Reading/Writing,98.7,60.3,76.2,5.64,1,Physics,History,61.0,0,High,1,Medium,61.4,79.5,13.28,64.1,Low Engagement,68.98219
S0161,22,Male,Auditory,89.3,68.9,79.0,3.19,6,Geometry,History,68.7,1,Medium,0,High,61.9,79.1,24.01,72.0,Low Engagement,74.95845
S0162,17,Male,Reading/Writing,100.0,100.0,60.8,8.42,6,Statistics,Physics,39.6,1,Low,1,Low,100.0,100.0,7.14,89.5,Fast Learner,85.62635
S0163,22,Male,Auditory,68.9,79.8,56.4,4.47,3,Algebra,Physics,43.7,1,Low,1,High,59.7,74.35,12.34,51.6,Low Engagement,58.054424
S0164,16,Male,Kinesthetic,76.1,53.0,51.4,5.73,8,Statistics,Algebra,51.1,1,High,0,Medium,97.3,64.55,8.82,54.4,Fast Learner,54.685883
S0165,20,Male,Visual,98.5,75.5,75.6,6.27,1,Chemistry,Geometry,45.9,1,Low,1,Medium,67.7,87.0,11.87,83.1,Low Engagement,78.75526
S0166,19,Female,Kinesthetic,51.8,45.2,51.9,5.71,1,Computer Science,Literature,65.7,0,Medium,1,Medium,62.1,48.5,8.93,56.0,Low Engagement,52.220757
S0167,21,Female,Visual,94.8,82.9,100.0,6.83,6,Statistics,Geometry,72.2,1,Medium,1,Medium,98.3,88.85,14.43,84.1,Fast Learner,85.78446
S0168,24,Male,Reading/Writing,81.6,100.0,59.8,7.15,1,Algebra,Geometry,69.5,0,Medium,0,Low,76.5,90.8,8.25,76.0,Fast Learner,75.22338
S0169,22,Male,Kinesthetic,61.7,100.0,19.5,4.55,6,Biology,Chemistry,69.5,0,Low,0,High,75.5,80.85,4.19,60.5,Fast Learner,61.184586
S0170,18,Male,Auditory,54.6,83.2,67.4,8.25,1,Geometry,Biology,98.4,1,Medium,1,Low,87.5,68.9,8.07,70.7,Fast Learner,69.22949
S0171,14,Female,Visual,64.9,59.5,66.5,4.47,6,Literature,Biology,73.5,1,Medium,0,High,74.7,62.2,14.55,71.6,Fast Learner,64.20672
S0172,16,Male,Visual,40.7,46.6,90.2,5.67,3,Calculus,Literature,80.7,1,High,1,Medium,71.7,43.65,15.63,63.2,Low Engagement,64.01115
S0173,23,Female,Kinesthetic,67.7,44.8,73.8,4.22,8,History,Chemistry,56.7,0,Low,1,Low,82.2,56.25,17.08,66.0,Fast Learner,58.088345
S0174,21,Male,Reading/Writing,84.3,19.5,51.3,3.65,6,History,Algebra,83.9,0,Medium,0,Medium,66.5,51.9,13.68,53.0,Low Engagement,48.77898
S0175,24,Female,Kinesthetic,67.9,82.5,62.3,7.09,1,Calculus,Chemistry,55.8,0,Medium,1,Low,75.9,75.2,8.66,56.3,Fast Learner,62.41198
S0176,19,Other,Reading/Writing,95.8,68.1,74.5,11.24,5,Statistics,Geometry,73.2,0,Medium,1,High,100.0,81.95,6.57,69.3,Fast Learner,73.428474
S0177,21,Male,Reading/Writing,99.9,86.4,24.7,4.28,8,Geometry,Algebra,37.6,1,Medium,0,High,82.8,93.15,5.64,56.9,Fast Learner,60.214344
S0178,22,Female,Visual,94.1,95.7,94.8,7.43,3,Statistics,Physics,68.3,1,Medium,1,High,89.3,94.9,12.59,86.6,Fast Learner,85.41624
S0179,17,Female,Kinesthetic,78.5,71.8,51.4,4.35,6,Literature,Calculus,45.5,0,Medium,1,Low,73.5,75.15,11.55,72.0,Fast Learner,64.37872
S0180,14,Female,Kinesthetic,40.1,72.6,96.3,4.98,5,Geometry,History,83.7,1,High,1,Medium,74.8,56.35,18.96,72.7,Low Engagement,72.38596
S0181,14,Male,Reading/Writing,64.4,61.6,75.8,8.52,6,Calculus,Statistics,82.5,1,Medium,1,Medium,100.0,63.0,8.79,67.3,Fast Learner,69.625084
S0182,23,Female,Kinesthetic,72.9,63.8,80.6,2.85,1,Statistics,Physics,55.7,0,Medium,1,High,33.5,68.35,27.32,72.9,Low Engagement,68.884125
S0183,17,Female,Auditory,61.6,83.1,91.0,2.32,7,Physics,Chemistry,100.0,0,Low,1,Low,58.2,72.35,37.6,71.5,Low Engagement,77.02037
S0184,20,Female,Auditory,72.9,66.9,79.5,4.83,9,Algebra,Chemistry,59.3,1,Low,1,Medium,93.3,69.9,16.13,67.6,Fast Learner,67.895424
S0185,15,Female,Kinesthetic,99.2,64.3,81.5,6.33,2,Biology,Calculus,32.8,1,Low,1,Medium,73.3,81.75,12.67,68.8,Fast Learner,69.83476
S0186,16,Female,Kinesthetic,50.3,69.7,64.7,5.93,5,Computer Science,Physics,49.4,1,Low,1,Low,84.3,60.0,10.73,61.6,Fast Learner,58.059307
S0187,14,Other,Reading/Writing,100.0,86.0,75.4,5.72,4,Biology,Geometry,44.1,0,Medium,1,Medium,77.2,93.0,12.96,82.2,Fast Learner,80.03972
S0188,18,Female,Auditory,88.3,57.5,56.3,5.07,6,Literature,Computer Science,72.6,1,High,0,Medium,80.7,72.9,10.89,66.8,Fast Learner,65.286896
S0189,14,Female,Auditory,79.0,68.8,61.1,6.57,6,Statistics,Algebra,40.3,1,Medium,1,High,95.7,73.9,9.16,66.7,Fast Learner,66.12635
S0190,21,Female,Visual,64.3,74.4,100.0,0.5,2,Chemistry,Algebra,54.2,1,Medium,1,High,15.0,69.35,166.67,77.6,Struggling Learner,77.14497
S0191,14,Male,Reading/Writing,61.9,90.9,51.8,3.5,2,Geometry,Computer Science,71.3,1,Low,0,Medium,45.0,76.4,14.39,66.2,Low Engagement,65.212524
S0192,24,Female,Visual,50.6,65.7,71.1,4.81,4,Statistics,Biology,67.8,1,Medium,1,Medium,68.1,58.15,14.48,57.5,Low Engagement,58.90809
S0193,14,Female,Auditory,100.0,57.1,70.3,6.41,1,Geometry,Biology,64.7,1,Low,0,Low,69.1,78.55,10.8,73.1,Low Engagement,70.88574
S0194,15,Male,Reading/Writing,98.1,61.3,61.8,7.98,9,Computer Science,Statistics,67.5,1,High,0,High,100.0,79.7,7.65,67.1,Fast Learner,72.681114
S0195,15,Female,Kinesthetic,53.9,89.0,78.3,3.23,7,Physics,Computer Science,57.6,1,Medium,1,High,67.3,71.45,23.51,64.8,Low Engagement,69.08169
S0196,19,Male,Reading/Writing,66.7,100.0,79.8,7.91,7,Biology,Computer Science,32.9,0,High,1,High,100.0,83.35,9.96,75.4,Fast Learner,74.45296
S0197,20,Female,Kinesthetic,81.5,46.4,49.5,4.09,3,Algebra,Geometry,57.1,1,High,0,High,55.9,63.95,11.81,45.5,Low Engagement,50.120808
S0198,18,Female,Kinesthetic,70.5,50.3,70.0,4.74,3,Computer Science,Chemistry,74.4,0,Medium,1,Medium,62.4,60.4,14.46,69.3,Low Engagement,63.000656
S0199,14,Female,Reading/Writing,46.2,67.0,46.4,6.16,1,Computer Science,Algebra,62.3,1,Medium,1,High,66.6,56.6,7.41,56.7,Low Engagement,55.848293
S0200,14,Male,Kinesthetic,65.1,72.0,83.8,4.59,3,Biology,Computer Science,72.8,1,Low,0,Medium,60.9,68.55,17.87,72.5,Low Engagement,72.64547
S0201,16,Female,Visual,100.0,84.2,71.5,7.22,3,Computer Science,Literature,53.3,1,Medium,1,Medium,87.2,92.1,9.77,69.2,Fast Learner,74.81937
S0202,15,Female,Auditory,66.2,54.0,69.6,4.19,4,Chemistry,Physics,84.9,1,High,1,High,61.9,60.1,16.22,59.5,Low Engagement,59.38392
S0203,18,Male,Kinesthetic,72.5,50.9,81.2,4.22,4,Chemistry,Physics,13.9,1,Low,1,Low,62.2,61.7,18.8,60.3,Low Engagement,61.11816
S0204,23,Male,Visual,57.8,72.5,62.5,7.1,3,History,Statistics,67.8,1,High,1,Low,86.0,65.15,8.68,61.9,Fast Learner,62.102047
S0205,19,Female,Kinesthetic,83.8,65.3,86.3,3.47,8,History,Calculus,92.0,1,Medium,1,Medium,74.7,74.55,24.17,68.4,Low Engagement,76.99205
S0206,20,Male,Auditory,76.7,86.7,49.0,5.5,8,Chemistry,Literature,95.0,1,High,0,Medium,95.0,81.7,8.75,63.9,Fast Learner,69.51955
S0207,17,Male,Visual,63.9,78.8,96.2,1.68,1,Calculus,Physics,60.4,0,High,0,High,21.8,71.35,54.04,73.3,Struggling Learner,75.43501
S0208,20,Female,Auditory,55.4,80.0,57.0,8.64,7,Physics,History,38.5,0,Medium,1,Low,100.0,67.7,6.52,54.3,Fast Learner,57.03488
S0209,24,Male,Auditory,96.1,68.1,34.1,7.41,2,Geometry,Literature,92.3,1,Medium,1,Low,84.1,82.1,4.54,71.1,Fast Learner,69.94173
S0210,21,Female,Visual,50.9,100.0,61.4,10.5,1,Physics,Algebra,64.0,1,Medium,0,Low,100.0,75.45,5.79,71.5,Fast Learner,68.724594
S0211,24,Male,Visual,82.6,54.9,59.2,7.68,3,Literature,Computer Science,61.8,1,High,1,Low,91.8,68.75,7.61,58.6,Fast Learner,60.213882
S0212,14,Female,Visual,42.7,81.0,61.3,2.74,4,Computer Science,Literature,47.1,1,High,1,Low,47.4,61.85,21.58,64.3,Low Engagement,59.957874
S0213,19,Male,Reading/Writing,85.6,47.1,72.6,6.34,6,Algebra,Geometry,40.0,1,High,0,Medium,93.4,66.35,11.27,68.1,Fast Learner,64.563896
S0214,21,Female,Visual,89.6,50.7,90.0,3.16,5,Computer Science,Literature,76.3,1,Medium,0,Medium,56.6,70.15,27.61,74.4,Low Engagement,73.62252
S0215,18,Male,Visual,91.4,59.1,64.2,8.16,4,Physics,Statistics,78.4,0,Medium,0,High,100.0,75.25,7.77,69.1,Fast Learner,69.88876
S0216,17,Female,Visual,72.6,99.3,54.2,2.8,8,Chemistry,Computer Science,69.0,1,High,1,High,68.0,85.95,18.69,69.6,Low Engagement,69.61703
S0217,15,Male,Visual,98.8,74.8,45.5,2.7,4,Biology,Chemistry,49.7,1,Medium,0,Medium,47.0,86.8,16.25,61.9,Low Engagement,63.672676
S0218,19,Female,Kinesthetic,100.0,59.4,58.6,1.78,2,Literature,Chemistry,43.7,1,High,1,Low,27.8,79.7,31.17,57.0,Low Engagement,59.824932
S0219,19,Female,Reading/Writing,70.2,76.7,30.2,4.02,3,Chemistry,Geometry,36.4,1,Medium,1,Low,55.2,73.45,7.33,60.4,Low Engagement,58.323902
S0220,24,Other,Auditory,68.2,70.6,53.5,3.62,6,Physics,Biology,53.8,0,Low,1,High,66.2,69.4,14.38,57.6,Low Engagement,58.775063
S0221,14,Female,Visual,77.2,61.1,92.9,2.48,8,Biology,Chemistry,44.9,0,Medium,0,Medium,64.8,69.15,36.01,71.7,Low Engagement,73.44179
S0222,22,Male,Kinesthetic,67.8,44.9,51.5,8.98,8,Algebra,Literature,30.8,1,Medium,1,High,100.0,56.35,5.67,46.9,Fast Learner,48.12045
S0223,24,Female,Kinesthetic,65.6,95.9,80.6,6.06,9,Physics,Geometry,78.0,1,Low,1,High,100.0,80.75,13.08,77.5,Fast Learner,79.653915
S0224,19,Male,Kinesthetic,66.9,73.8,43.5,5.82,7,Geometry,Biology,38.6,0,Low,1,High,93.2,70.35,7.35,71.5,Fast Learner,62.481598
S0225,16,Male,Auditory,100.0,100.0,100.0,8.18,2,Statistics,Algebra,84.7,0,Medium,1,High,91.8,100.0,12.08,90.0,Fast Learner,89.64977
S0226,17,Male,Visual,86.6,86.9,100.0,5.51,8,Biology,Algebra,72.9,1,Low,1,Medium,95.1,86.75,17.83,93.6,Fast Learner,89.52513
S0227,24,Female,Reading/Writing,67.8,79.9,79.8,3.5,7,Physics,Algebra,70.9,0,Medium,1,Medium,70.0,73.85,22.17,72.7,Low Engagement,72.634094
S0228,17,Female,Reading/Writing,38.2,62.2,100.0,1.6,8,Chemistry,History,98.3,1,High,0,High,56.0,50.2,58.82,74.7,Struggling Learner,74.163414
S0229,16,Male,Kinesthetic,51.8,50.3,75.1,3.39,3,Geometry,Statistics,39.3,1,High,0,Medium,48.9,51.05,21.52,61.7,Low Engagement,59.763046
S0230,23,Female,Auditory,82.6,66.1,83.4,8.01,7,Calculus,Statistics,82.5,1,High,0,Low,100.0,74.35,10.28,76.9,Fast Learner,77.56711
S0231,16,Male,Auditory,43.2,49.8,93.2,2.49,9,Biology,Geometry,59.0,0,High,1,Medium,69.9,46.5,35.98,60.8,Low Engagement,62.64193
S0232,16,Male,Auditory,79.4,81.7,71.6,5.71,3,Geometry,Algebra,100.0,1,Medium,0,Medium,72.1,80.55,12.32,75.1,Low Engagement,75.09755
S0233,17,Male,Reading/Writing,59.0,99.4,37.0,7.07,6,Chemistry,Computer Science,57.4,1,Medium,0,High,100.0,79.2,5.16,61.9,Fast Learner,61.634064
S0234,20,Male,Kinesthetic,76.4,65.3,83.8,5.57,2,Physics,Literature,54.2,1,Medium,1,Medium,65.7,70.85,14.78,79.1,Low Engagement,72.55295
S0235,17,Female,Visual,76.0,87.0,58.6,5.8,2,Computer Science,Biology,73.5,1,High,0,Medium,68.0,81.5,9.93,62.4,Low Engagement,65.81499
S0236,22,Female,Reading/Writing,76.8,57.6,60.0,6.31,5,Algebra,Statistics,60.8,0,Medium,0,High,88.1,67.2,9.36,53.2,Fast Learner,58.05497
S0237,14,Female,Kinesthetic,69.1,64.6,74.0,5.76,5,Computer Science,Chemistry,49.8,1,Low,0,High,82.6,66.85,12.63,56.7,Fast Learner,61.76909
S0238,21,Male,Kinesthetic,68.6,55.3,79.3,8.22,7,Statistics,Geometry,45.6,1,High,1,Medium,100.0,61.95,9.53,60.0,Fast Learner,64.06089
S0239,20,Male,Visual,64.2,31.6,71.0,2.92,2,Geometry,Biology,94.2,1,Low,1,Low,39.2,47.9,23.51,60.5,Low Engagement,58.41464
S0240,15,Male,Visual,82.3,69.3,80.7,5.48,7,Statistics,Geometry,41.7,1,Medium,0,Medium,89.8,75.8,14.46,75.0,Fast Learner,72.993195
S0241,21,Female,Visual,87.1,72.3,53.9,1.36,5,Algebra,Computer Science,69.5,1,Low,1,Medium,38.6,79.7,36.92,63.3,Low Engagement,66.82482
S0242,14,Male,Auditory,56.7,89.2,67.1,0.85,6,Geometry,History,86.1,1,Medium,1,Low,38.5,72.95,70.63,71.3,Struggling Learner,70.17273
S0243,24,Female,Visual,74.2,84.3,85.0,4.84,8,History,Geometry,87.1,0,Medium,1,Low,88.4,79.25,17.21,73.8,Fast Learner,78.187805
S0244,22,Other,Kinesthetic,77.9,84.6,100.0,6.09,4,Chemistry,Algebra,53.0,1,Low,1,High,80.9,81.25,16.16,75.8,Fast Learner,76.27343
S0245,22,Female,Visual,77.8,52.5,100.0,8.26,7,Geometry,History,60.9,1,Medium,1,Medium,100.0,65.15,11.96,76.5,Fast Learner,75.084206
S0246,15,Female,Kinesthetic,77.5,78.3,76.7,9.84,6,Chemistry,Geometry,57.0,1,Medium,1,Medium,100.0,77.9,7.72,78.3,Fast Learner,78.31549
S0247,20,Male,Reading/Writing,69.0,98.5,84.8,7.64,2,Computer Science,Chemistry,34.3,1,High,0,Low,86.4,83.75,10.96,74.0,Fast Learner,74.18468
S0248,23,Female,Auditory,79.2,76.8,100.0,6.45,8,Literature,Algebra,75.8,1,High,0,Medium,100.0,78.0,15.27,90.5,Fast Learner,87.03791
S0249,16,Female,Reading/Writing,84.3,100.0,54.6,5.32,9,Biology,Physics,65.8,0,Medium,0,High,98.2,92.15,10.07,79.7,Fast Learner,78.55698
S0250,20,Female,Reading/Writing,77.1,100.0,80.6,1.94,5,Literature,Biology,93.8,0,High,1,Low,44.4,88.55,39.51,90.6,Low Engagement,85.008484
S0251,23,Male,Kinesthetic,82.6,65.2,83.4,4.71,4,Physics,Computer Science,48.5,0,Medium,1,Low,67.1,73.9,17.34,69.1,Low Engagement,70.49871
S0252,22,Male,Reading/Writing,89.9,57.5,97.0,7.58,6,Biology,Algebra,86.8,0,Medium,1,Medium,100.0,73.7,12.63,87.1,Fast Learner,81.80166
S0253,17,Male,Kinesthetic,47.2,56.3,45.3,6.8,8,Biology,Geometry,88.2,1,Low,0,High,100.0,51.75,6.57,64.7,Fast Learner,60.853134
S0254,14,Female,Visual,89.2,42.7,49.2,2.43,3,Calculus,Biology,65.9,1,Medium,1,Medium,39.3,65.95,19.45,54.0,Low Engagement,54.324078
S0255,15,Female,Visual,80.1,60.7,68.4,6.23,1,Biology,Chemistry,21.6,1,Medium,1,Low,67.3,70.4,10.81,60.5,Low Engagement,60.61878
S0256,14,Female,Kinesthetic,58.3,91.7,75.6,6.06,4,Algebra,Calculus,54.7,1,Low,1,Medium,80.6,75.0,12.27,66.4,Fast Learner,68.869644
S0257,18,Male,Visual,87.0,30.3,90.5,5.7,4,Literature,Computer Science,100.0,1,Medium,1,High,77.0,58.65,15.6,64.0,Fast Learner,65.56846
S0258,18,Female,Auditory,69.0,51.3,78.4,4.94,1,Computer Science,Geometry,70.9,1,High,1,Low,54.4,60.15,15.56,58.1,Low Engagement,60.763523
S0259,24,Male,Reading/Writing,71.1,67.7,65.0,6.33,9,Chemistry,Computer Science,78.9,0,Medium,1,Medium,100.0,69.4,10.11,63.5,Fast Learner,66.30769
S0260,20,Male,Auditory,67.4,54.2,76.3,6.39,3,Physics,Statistics,63.2,1,Low,1,Medium,78.9,60.8,11.76,65.2,Fast Learner,63.133083
S0261,22,Male,Reading/Writing,79.5,60.5,74.0,3.72,5,Biology,Calculus,60.5,1,Medium,1,Low,62.2,70.0,19.37,63.0,Low Engagement,63.199123
S0262,22,Female,Visual,63.2,60.8,100.0,5.91,6,Physics,Biology,27.7,1,Medium,0,High,89.1,62.0,16.64,70.2,Fast Learner,70.199
S0263,16,Male,Auditory,88.5,65.4,71.3,4.62,8,Computer Science,History,80.9,1,Medium,0,High,86.2,76.95,15.11,73.8,Fast Learner,72.86001
S0264,16,Female,Visual,72.9,56.9,60.3,2.03,6,Physics,Geometry,86.6,1,Medium,1,Medium,50.3,64.9,28.31,60.4,Low Engagement,62.06476
S0265,16,Female,Reading/Writing,69.5,55.4,77.0,3.88,3,Computer Science,Algebra,46.0,0,Medium,0,Low,53.8,62.45,19.35,61.9,Low Engagement,61.59859
S0266,17,Male,Kinesthetic,86.3,86.8,72.0,1.87,6,Biology,Algebra,61.4,1,High,1,Low,48.7,86.55,36.55,72.7,Low Engagement,74.527916
S0267,21,Female,Kinesthetic,70.2,88.9,36.6,6.96,1,Computer Science,History,58.7,1,Medium,0,Medium,74.6,79.55,5.18,59.5,Fast Learner,59.16351
S0268,19,Male,Auditory,89.2,45.2,67.7,5.71,4,Biology,Chemistry,73.4,0,High,1,Medium,77.1,67.2,11.65,60.5,Fast Learner,62.56368
S0269,21,Male,Visual,89.7,20.3,66.0,4.29,6,Calculus,Chemistry,54.1,1,Medium,0,Low,72.9,55.0,15.03,55.8,Low Engagement,52.15752
S0270,14,Male,Visual,55.0,89.1,57.1,7.84,7,Calculus,Computer Science,83.6,1,Medium,0,Low,100.0,72.05,7.19,64.7,Fast Learner,66.27146
S0271,21,Male,Auditory,91.6,47.9,88.7,5.14,3,Computer Science,Algebra,66.4,1,Medium,1,Low,66.4,69.75,16.93,65.4,Low Engagement,68.215675
S0272,17,Female,Kinesthetic,53.1,73.8,52.3,2.14,9,Calculus,Statistics,14.0,1,Low,0,High,66.4,63.45,23.35,56.8,Low Engagement,56.013653
S0273,24,Male,Reading/Writing,92.6,41.8,77.1,4.12,7,Chemistry,Algebra,73.9,1,Low,0,High,76.2,67.2,18.27,70.7,Fast Learner,67.92334
S0274,14,Female,Auditory,100.0,93.4,65.0,8.27,1,Chemistry,Statistics,84.9,1,Medium,0,High,87.7,96.7,7.77,86.5,Fast Learner,84.13036
S0275,21,Female,Reading/Writing,88.1,100.0,70.2,3.66,2,Calculus,Geometry,42.0,1,High,1,Low,46.6,94.05,18.67,70.7,Low Engagement,73.086784
S0276,17,Female,Kinesthetic,42.6,73.3,76.2,5.55,1,Calculus,Physics,73.2,1,High,0,High,60.5,57.95,13.49,61.2,Low Engagement,62.6023
S0277,19,Female,Visual,91.0,68.3,41.8,6.49,9,History,Computer Science,100.0,1,Medium,1,Low,100.0,79.65,6.34,68.3,Fast Learner,69.2319
S0278,21,Female,Kinesthetic,100.0,64.2,71.8,6.18,9,History,Literature,67.2,0,Low,1,Medium,100.0,82.1,11.43,71.5,Fast Learner,76.19361
S0279,17,Male,Auditory,70.5,84.1,100.0,9.9,7,Biology,Computer Science,87.8,1,Medium,1,High,100.0,77.3,10.0,86.1,Fast Learner,85.298965
S0280,16,Male,Visual,74.5,80.2,36.9,2.65,3,Computer Science,Calculus,56.2,0,Medium,1,Medium,41.5,77.35,13.42,60.7,Low Engagement,59.852715
S0281,22,Female,Auditory,57.2,88.1,66.8,2.85,5,Statistics,History,64.6,1,High,1,Medium,53.5,72.65,22.64,69.8,Low Engagement,67.38556
S0282,16,Female,Auditory,79.7,58.7,90.5,2.68,4,Statistics,Calculus,60.9,1,High,0,Low,46.8,69.2,32.55,78.6,Low Engagement,74.72335
S0283,22,Male,Kinesthetic,94.0,76.1,74.0,4.41,7,Calculus,Chemistry,57.3,1,High,1,Low,79.1,85.05,16.41,78.0,Fast Learner,74.51255
S0284,15,Female,Auditory,85.5,60.2,81.8,7.2,9,Physics,Statistics,62.0,1,Medium,0,Medium,100.0,72.85,11.21,72.9,Fast Learner,74.45771
S0285,15,Male,Kinesthetic,100.0,51.0,20.5,2.94,2,Calculus,History,32.4,0,Medium,1,Medium,39.4,75.5,6.74,47.3,Low Engagement,50.809155
S0286,15,Female,Visual,75.5,69.3,80.0,7.23,8,History,Chemistry,58.4,1,Medium,1,High,100.0,72.4,10.91,70.8,Fast Learner,71.33947
S0287,19,Male,Kinesthetic,50.5,53.4,52.8,5.07,9,Biology,History,91.8,1,High,1,Medium,95.7,51.95,10.21,51.0,Fast Learner,54.945744
S0288,16,Male,Visual,77.6,91.1,74.2,2.78,9,Calculus,Algebra,45.7,1,Low,1,Medium,72.8,84.35,25.76,65.4,Low Engagement,70.40418
S0289,22,Male,Kinesthetic,38.8,54.5,67.4,1.5,7,Literature,Chemistry,43.7,0,Low,0,Low,50.0,46.65,42.12,55.2,Low Engagement,55.45905
S0290,17,Female,Reading/Writing,67.0,76.5,100.0,1.94,9,Physics,Algebra,66.2,1,Low,1,Low,64.4,71.75,49.02,84.5,Low Engagement,81.79983
S0291,14,Female,Reading/Writing,99.4,59.1,78.9,3.67,9,Literature,Algebra,67.2,1,High,1,High,81.7,79.25,20.93,72.5,Fast Learner,73.10442
S0292,17,Male,Auditory,79.9,75.0,65.7,4.66,3,Biology,History,72.5,1,Medium,0,Low,61.6,77.45,13.8,77.3,Low Engagement,73.598335
S0293,14,Female,Kinesthetic,77.7,60.6,37.8,7.69,4,Biology,Chemistry,62.7,0,Medium,1,Medium,96.9,69.15,4.85,56.0,Fast Learner,56.768963
S0294,18,Male,Kinesthetic,100.0,47.4,70.4,6.6,2,Chemistry,Calculus,66.4,1,High,1,Low,76.0,73.7,10.51,57.9,Fast Learner,64.1513
S0295,17,Female,Visual,70.9,78.7,84.5,3.32,3,Geometry,Chemistry,58.0,1,High,1,High,48.2,74.8,24.71,77.0,Low Engagement,75.90617
S0296,21,Male,Auditory,93.9,65.8,66.4,5.82,5,Literature,Computer Science,39.5,1,Medium,1,High,83.2,79.85,11.22,65.4,Fast Learner,66.29112
S0297,21,Male,Kinesthetic,76.9,75.1,57.9,8.3,5,Chemistry,Biology,63.6,1,Medium,0,Low,100.0,76.0,6.89,72.1,Fast Learner,71.13287
S0298,20,Female,Auditory,80.7,62.3,56.5,8.75,6,History,Calculus,79.5,1,High,0,Low,100.0,71.5,6.38,59.1,Fast Learner,63.263252
S0299,16,Other,Reading/Writing,56.7,46.1,78.7,4.37,7,Algebra,Chemistry,75.3,0,High,1,Medium,78.7,51.4,17.61,63.5,Fast Learner,63.612
S0300,14,Female,Kinesthetic,67.8,89.5,83.2,6.92,7,Physics,Statistics,30.1,1,Medium,1,Medium,100.0,78.65,11.85,69.4,Fast Learner,71.698875
S0301,14,Female,Kinesthetic,54.0,83.3,95.2,7.78,1,Algebra,Calculus,70.0,1,Medium,0,Low,82.8,68.65,12.08,76.4,Fast Learner,75.66471
S0302,24,Female,Auditory,73.6,59.8,48.1,1.99,2,Computer Science,Literature,47.1,0,Medium,0,High,29.9,66.7,23.01,58.6,Low Engagement,56.45888
S0303,16,Male,Kinesthetic,80.9,71.3,78.5,3.98,9,History,Computer Science,92.8,1,High,1,Low,84.8,76.1,19.24,78.5,Fast Learner,77.18569
S0304,19,Other,Auditory,58.3,88.8,65.6,9.44,2,History,Geometry,71.5,1,Medium,0,High,100.0,73.55,6.88,70.1,Fast Learner,69.09064
S0305,20,Female,Kinesthetic,100.0,61.8,66.2,4.4,6,Algebra,History,82.9,1,Medium,0,Medium,74.0,80.9,14.71,65.2,Fast Learner,72.429695
S0306,19,Female,Visual,79.2,64.6,76.0,0.5,1,Literature,Geometry,65.4,1,Low,0,Low,10.0,71.9,126.67,75.4,Struggling Learner,73.54005
S0307,19,Female,Auditory,75.9,74.4,76.2,4.76,3,Geometry,Biology,63.7,0,High,0,Medium,62.6,75.15,15.68,75.8,Low Engagement,73.64837
S0308,19,Female,Kinesthetic,86.5,61.7,78.6,7.25,2,Literature,Computer Science,94.9,1,Medium,1,Medium,82.5,74.1,10.69,68.9,Fast Learner,71.81087
S0309,16,Female,Reading/Writing,62.6,85.4,46.9,5.01,3,Algebra,Chemistry,84.5,1,Low,1,Low,65.1,74.0,9.18,59.3,Low Engagement,62.235046
S0310,19,Male,Kinesthetic,77.5,67.0,53.0,6.43,5,Computer Science,Chemistry,67.4,0,Medium,0,Medium,89.3,72.25,8.12,68.7,Fast Learner,67.43032
S0311,21,Female,Reading/Writing,64.2,55.9,97.7,6.88,6,Literature,Biology,61.0,1,Medium,0,Low,98.8,60.05,14.0,69.8,Fast Learner,70.86878
S0312,24,Male,Reading/Writing,98.4,81.0,63.6,4.29,9,Statistics,Literature,30.9,1,Medium,0,Low,87.9,89.7,14.49,67.4,Fast Learner,69.09077
S0313,24,Other,Visual,59.1,49.4,74.1,3.96,4,Literature,History,71.5,1,High,1,Low,59.6,54.25,18.25,61.5,Low Engagement,58.98391
S0314,15,Female,Auditory,75.9,100.0,89.1,5.31,7,Biology,Chemistry,62.5,0,Medium,0,Medium,88.1,87.95,16.47,79.6,Fast Learner,82.650536
S0315,18,Male,Kinesthetic,79.9,98.5,77.3,5.36,6,Chemistry,Calculus,76.1,1,High,1,Low,83.6,89.2,14.16,81.6,Fast Learner,80.971146
S0316,14,Female,Visual,80.9,79.2,78.9,5.11,2,Physics,History,82.2,0,Low,1,Medium,61.1,80.05,15.14,73.6,Low Engagement,75.02946
S0317,14,Female,Kinesthetic,66.3,77.7,85.9,5.19,8,Literature,Biology,89.7,1,Low,0,Medium,91.9,72.0,16.24,74.8,Fast Learner,76.64857
S0318,18,Female,Reading/Writing,61.6,76.9,25.7,3.5,7,Geometry,Calculus,71.7,0,Low,0,Medium,70.0,69.25,7.14,59.3,Low Engagement,57.447506
S0319,16,Female,Auditory,66.5,61.2,58.2,6.5,7,Geometry,Literature,44.1,1,Medium,0,High,100.0,63.85,8.82,46.8,Fast Learner,54.505665
S0320,17,Male,Kinesthetic,82.9,75.4,77.4,6.2,8,Literature,Geometry,22.0,1,Medium,1,High,100.0,79.15,12.29,73.2,Fast Learner,73.637276
S0321,16,Female,Kinesthetic,72.8,53.4,95.8,2.33,1,Calculus,Geometry,48.5,1,High,1,Medium,28.3,63.1,39.42,72.8,Low Engagement,71.63827
S0322,14,Female,Reading/Writing,86.9,79.1,69.3,4.22,1,History,Geometry,91.7,1,High,0,Medium,47.2,83.0,16.04,71.3,Low Engagement,73.961716
S0323,14,Male,Kinesthetic,82.2,85.6,51.1,5.19,8,Literature,Algebra,100.0,0,Medium,1,Low,91.9,83.9,9.66,77.1,Fast Learner,74.70606
S0324,18,Female,Kinesthetic,40.8,63.2,51.6,3.93,4,History,Statistics,60.2,1,High,0,High,59.3,52.0,12.8,46.9,Low Engagement,52.74852
S0325,19,Male,Reading/Writing,78.7,59.3,85.7,6.27,5,Statistics,Physics,35.8,1,Medium,1,Low,87.7,69.0,13.45,65.1,Fast Learner,70.12706
S0326,16,Male,Visual,100.0,48.2,63.6,4.87,8,Algebra,Chemistry,52.0,1,High,1,Medium,88.7,74.1,12.8,61.2,Fast Learner,63.392044
S0327,22,Female,Reading/Writing,94.9,96.2,67.9,5.34,5,Statistics,Physics,87.8,0,Medium,1,High,78.4,95.55,12.48,86.3,Fast Learner,82.75245
S0328,18,Female,Visual,81.3,60.7,80.3,4.2,4,Literature,Algebra,53.2,1,Medium,1,Low,62.0,71.0,18.67,59.7,Low Engagement,63.340557
S0329,21,Male,Auditory,59.1,66.4,10.0,1.01,6,Geometry,Calculus,76.8,1,High,1,Low,40.1,62.75,9.01,52.9,Low Engagement,53.8367
S0330,14,Female,Visual,82.2,75.4,100.0,0.9,5,Calculus,Algebra,68.4,1,Medium,1,Medium,34.0,78.8,100.0,81.2,Struggling Learner,81.68869
S0331,18,Male,Visual,86.1,75.1,53.4,6.18,7,Computer Science,Physics,79.2,0,Low,1,Medium,96.8,80.6,8.5,72.3,Fast Learner,69.60591
S0332,16,Male,Auditory,71.2,83.4,72.8,5.53,7,History,Physics,100.0,1,Medium,1,High,90.3,77.3,12.93,78.6,Fast Learner,76.22935
S0333,14,Male,Visual,79.8,63.2,33.9,5.88,4,Chemistry,Algebra,76.8,1,Medium,0,High,78.8,71.5,5.67,58.2,Fast Learner,59.13883
S0334,17,Male,Reading/Writing,97.6,49.5,59.5,5.27,5,History,Geometry,67.9,1,High,0,Low,77.7,73.55,11.08,61.6,Fast Learner,62.55188
S0335,18,Male,Visual,62.1,46.4,92.9,5.43,3,Biology,Computer Science,100.0,1,Medium,1,Low,69.3,54.25,16.8,75.1,Low Engagement,66.37648
S0336,20,Female,Auditory,59.1,59.6,29.7,6.94,4,Physics,Algebra,72.0,1,High,1,Medium,89.4,59.35,4.22,47.9,Fast Learner,50.90755
S0337,14,Female,Reading/Writing,85.4,52.9,90.5,5.89,4,Literature,Statistics,49.1,1,Medium,1,Medium,78.9,69.15,15.11,66.9,Fast Learner,70.59647
S0338,16,Male,Auditory,81.9,64.5,62.5,7.08,3,Statistics,Computer Science,78.7,1,Medium,1,Medium,85.8,73.2,8.7,71.9,Fast Learner,68.3641
S0339,15,Female,Auditory,90.4,93.5,77.7,5.34,5,Chemistry,Algebra,73.9,1,High,1,Low,78.4,91.95,14.28,82.1,Fast Learner,81.82198
S0340,22,Female,Kinesthetic,83.5,63.2,81.2,4.4,5,Geometry,Literature,58.8,1,Medium,1,Medium,69.0,73.35,18.04,77.5,Low Engagement,72.80493
S0341,23,Male,Kinesthetic,66.5,63.2,76.8,5.39,7,Geometry,Biology,54.6,0,High,1,Medium,88.9,64.85,13.99,65.7,Fast Learner,65.30477
S0342,19,Female,Auditory,81.5,69.7,50.7,3.33,4,Geometry,Biology,59.0,1,Medium,1,Medium,53.3,75.6,14.78,58.8,Low Engagement,62.6186
S0343,23,Other,Auditory,57.9,62.7,60.7,4.24,4,Computer Science,Physics,54.4,1,Medium,0,Medium,62.4,60.3,13.99,59.1,Low Engagement,58.74259
S0344,16,Male,Auditory,71.2,68.8,38.8,5.36,9,Biology,Algebra,59.7,0,Low,0,Medium,98.6,70.0,7.11,55.6,Fast Learner,57.506256
S0345,21,Male,Kinesthetic,82.5,79.7,77.8,5.33,6,Geometry,Statistics,48.1,1,Medium,1,Medium,83.3,81.1,14.33,70.4,Fast Learner,72.77834
S0346,21,Female,Kinesthetic,69.6,85.9,100.0,4.79,4,Geometry,Statistics,72.7,0,Medium,0,Low,67.9,77.75,20.45,85.1,Low Engagement,83.74204
S0347,15,Female,Visual,100.0,88.1,31.5,2.22,2,Literature,Biology,71.2,1,High,1,Low,32.2,94.05,13.58,74.7,Low Engagement,70.07819
S0348,19,Male,Visual,46.6,100.0,52.8,6.27,6,Biology,Calculus,71.9,1,Medium,0,Medium,92.7,73.3,8.29,64.8,Fast Learner,65.441635
S0349,20,Female,Auditory,66.8,80.2,64.4,6.67,2,Calculus,Geometry,63.8,1,Medium,0,Medium,76.7,73.5,9.51,62.2,Fast Learner,65.404976
S0350,15,Female,Reading/Writing,60.9,100.0,71.5,8.29,5,Calculus,Computer Science,61.4,1,Low,1,Medium,100.0,80.45,8.52,73.5,Fast Learner,74.000206
S0351,24,Female,Reading/Writing,64.5,56.0,85.6,5.88,6,Biology,Geometry,93.8,0,Low,1,Medium,88.8,60.25,14.31,72.7,Fast Learner,71.61911
S0352,23,Female,Kinesthetic,65.4,100.0,65.0,5.0,4,Physics,Algebra,66.3,1,Medium,0,Medium,70.0,82.7,12.75,73.8,Low Engagement,73.26599
S0353,15,Female,Kinesthetic,55.1,63.2,61.7,2.97,3,Computer Science,Physics,90.3,0,High,1,High,44.7,59.15,20.1,66.5,Low Engagement,63.18067
S0354,23,Male,Kinesthetic,86.3,64.9,90.1,7.98,7,Chemistry,Biology,45.1,1,High,1,Low,100.0,75.6,11.15,77.7,Fast Learner,75.79295
S0355,14,Male,Auditory,66.8,67.8,81.2,5.5,2,History,Chemistry,76.8,1,High,1,Low,65.0,67.3,14.5,64.2,Low Engagement,67.80029
S0356,21,Female,Reading/Writing,77.5,66.1,78.8,5.39,6,Literature,History,50.3,1,High,0,Low,83.9,71.8,14.35,66.7,Fast Learner,66.470146
S0357,14,Female,Visual,68.5,71.5,70.3,4.49,4,Algebra,Statistics,53.9,1,Medium,1,Medium,64.9,70.0,15.32,58.7,Low Engagement,62.2951
S0358,22,Male,Auditory,64.6,59.6,87.7,4.36,6,Calculus,Algebra,56.8,1,High,1,Medium,73.6,62.1,19.66,73.3,Low Engagement,69.78072
S0359,24,Female,Visual,100.0,84.9,54.9,6.38,4,Biology,Chemistry,55.5,1,Low,0,Low,83.8,92.45,8.47,62.5,Fast Learner,66.27619
S0360,19,Female,Visual,88.8,60.0,52.1,2.96,4,Chemistry,Physics,55.6,1,Medium,1,Medium,49.6,74.4,17.03,54.6,Low Engagement,58.3921
S0361,20,Male,Auditory,47.0,81.8,82.9,8.25,4,Biology,Computer Science,89.3,1,Medium,1,Low,100.0,64.4,9.93,69.8,Fast Learner,72.081184
S0362,23,Female,Visual,45.4,97.5,35.5,7.82,9,History,Chemistry,65.9,1,Low,1,Medium,100.0,71.45,4.48,62.3,Fast Learner,60.77733
S0363,20,Female,Reading/Writing,90.6,63.6,69.8,4.29,7,Chemistry,Calculus,69.5,1,High,1,Medium,77.9,77.1,15.9,67.8,Fast Learner,71.47168
S0364,23,Female,Visual,67.2,84.3,61.7,3.27,3,Calculus,Geometry,55.9,1,Medium,0,High,47.7,75.75,18.31,63.9,Low Engagement,63.423668
S0365,16,Female,Reading/Writing,50.3,80.1,39.9,0.97,3,Geometry,Chemistry,82.1,0,High,0,Low,24.7,65.2,37.29,54.9,Low Engagement,56.718376
S0366,15,Male,Reading/Writing,90.7,100.0,49.4,2.5,6,Biology,Algebra,72.1,1,Medium,1,High,55.0,95.35,19.0,74.5,Low Engagement,73.86214
S0367,22,Female,Reading/Writing,77.5,60.9,65.8,6.46,6,Algebra,Biology,58.8,0,Low,1,High,94.6,69.2,10.03,58.9,Fast Learner,61.616463
S0368,21,Male,Kinesthetic,78.8,84.3,88.7,5.63,4,Calculus,Biology,33.3,1,High,1,Low,76.3,81.55,15.48,70.7,Fast Learner,72.22975
S0369,23,Male,Visual,87.1,40.7,54.9,5.99,9,Statistics,Computer Science,69.3,0,Medium,1,Low,100.0,63.9,9.01,68.0,Fast Learner,63.623795
S0370,20,Female,Auditory,55.4,61.1,92.3,1.31,4,Algebra,Biology,76.5,1,Medium,0,Medium,33.1,58.25,65.46,71.5,Struggling Learner,71.3023
S0371,22,Male,Auditory,50.5,76.4,69.3,4.21,9,Physics,Computer Science,45.4,1,Low,0,High,87.1,63.45,16.08,66.7,Fast Learner,64.75705
S0372,17,Male,Visual,98.7,95.1,94.2,7.73,4,Computer Science,Algebra,59.1,1,Medium,1,High,97.3,96.9,12.03,88.3,Fast Learner,87.274345
S0373,17,Female,Kinesthetic,53.4,47.9,55.9,4.81,2,Calculus,Statistics,75.7,1,Medium,0,Medium,58.1,50.65,11.38,52.3,Low Engagement,53.005802
S0374,14,Male,Kinesthetic,56.7,84.1,67.0,2.46,2,Geometry,Biology,33.6,1,Medium,1,High,34.6,70.4,26.17,64.7,Low Engagement,63.53397
S0375,21,Male,Reading/Writing,59.7,68.9,75.4,4.78,5,Calculus,Literature,52.0,1,High,0,Low,72.8,64.3,15.45,68.3,Low Engagement,63.343365
S0376,16,Female,Visual,100.0,42.6,64.4,3.46,4,History,Physics,72.5,1,High,1,Low,54.6,71.3,18.09,68.6,Low Engagement,65.16581
S0377,20,Female,Visual,82.4,73.3,87.1,5.67,7,Chemistry,Geometry,87.1,0,High,0,High,91.7,77.85,15.1,78.2,Fast Learner,79.44434
S0378,15,Male,Auditory,89.5,100.0,23.8,5.04,5,Biology,Calculus,100.0,1,High,1,High,75.4,94.75,4.63,73.6,Fast Learner,70.233055
S0379,15,Female,Visual,77.9,49.8,100.0,6.09,6,Chemistry,Computer Science,100.0,1,Medium,1,Medium,90.9,63.85,16.16,64.2,Fast Learner,68.3415
S0380,20,Female,Kinesthetic,66.0,68.0,85.2,2.56,4,Chemistry,Algebra,67.9,1,Medium,0,High,45.6,67.0,32.03,74.2,Low Engagement,73.02948
S0381,19,Female,Visual,84.5,52.2,64.5,4.1,2,Calculus,Biology,55.3,0,Low,0,High,51.0,68.35,15.36,59.4,Low Engagement,59.907936
S0382,16,Female,Auditory,51.7,61.6,57.0,7.18,9,History,Chemistry,83.5,1,Low,0,High,100.0,56.65,7.83,62.2,Fast Learner,58.10336
S0383,22,Other,Reading/Writing,58.6,95.8,50.7,2.29,7,Biology,Computer Science,54.1,1,High,1,High,57.9,77.2,21.21,60.9,Low Engagement,60.09309
S0384,23,Female,Auditory,86.0,65.1,80.9,2.99,4,Biology,Computer Science,49.8,1,Medium,0,High,49.9,75.55,26.18,63.7,Low Engagement,68.65782
S0385,19,Female,Auditory,54.6,95.2,87.9,5.4,3,Chemistry,Calculus,58.9,1,Medium,1,Low,69.0,74.9,15.98,76.7,Low Engagement,75.49879
S0386,23,Female,Reading/Writing,72.2,90.0,64.7,5.57,3,Physics,Calculus,56.4,1,Medium,1,High,70.7,81.1,11.41,62.6,Low Engagement,65.3779
S0387,23,Male,Auditory,72.8,63.5,90.1,4.02,9,Computer Science,Biology,73.3,1,Medium,1,Low,85.2,68.15,21.87,71.6,Fast Learner,73.879845
S0388,19,Male,Auditory,67.1,61.0,49.9,4.44,5,History,Geometry,53.0,1,Low,0,High,69.4,64.05,10.99,52.1,Low Engagement,53.350433
S0389,14,Female,Visual,45.7,53.9,46.3,6.07,3,Physics,Algebra,66.7,1,Low,1,Medium,75.7,49.8,7.5,48.9,Fast Learner,51.21995
S0390,17,Female,Visual,65.6,53.2,100.0,6.7,5,Literature,Physics,96.9,1,Low,0,Medium,92.0,59.4,14.71,78.4,Fast Learner,74.525345
S0391,23,Female,Reading/Writing,62.6,76.4,79.8,2.86,2,Literature,Biology,67.4,0,Medium,1,Medium,38.6,69.5,26.96,66.6,Low Engagement,69.23413
S0392,19,Male,Visual,77.4,69.6,95.9,5.73,4,Algebra,Biology,95.3,0,Medium,1,Low,77.3,73.5,16.45,81.1,Fast Learner,77.78675
S0393,19,Female,Visual,76.7,58.8,50.9,8.02,2,Chemistry,Biology,89.0,1,Low,1,Low,90.2,67.75,6.27,66.1,Fast Learner,64.33032
S0394,24,Male,Auditory,80.7,42.1,49.5,4.77,2,Biology,Calculus,76.8,1,High,1,High,57.7,61.4,10.16,52.6,Low Engagement,53.681812
S0395,18,Male,Kinesthetic,64.9,71.9,60.8,2.84,8,Calculus,Computer Science,57.9,1,Medium,0,High,68.4,68.4,20.68,59.9,Low Engagement,62.02393
S0396,14,Female,Visual,82.8,61.5,51.5,2.75,1,Biology,Geometry,85.8,0,Medium,0,Medium,32.5,72.15,18.07,68.9,Low Engagement,67.17635
S0397,21,Female,Kinesthetic,51.7,66.5,82.1,4.68,7,Biology,Literature,60.0,0,High,1,High,81.8,59.1,17.18,65.1,Fast Learner,65.97908
S0398,18,Female,Visual,47.7,75.5,53.0,7.07,5,Geometry,Literature,65.0,1,Medium,0,High,95.7,61.6,7.39,61.6,Fast Learner,60.56305
S0399,18,Female,Visual,40.0,25.0,44.6,4.92,8,Biology,Algebra,71.6,0,High,1,Medium,89.2,32.5,8.88,43.8,Fast Learner,44.886528
S0400,20,Male,Reading/Writing,67.5,42.4,70.8,5.38,1,Algebra,Statistics,64.9,1,High,1,Low,58.8,54.95,12.92,52.2,Low Engagement,54.714806
S0401,17,Female,Reading/Writing,63.7,100.0,42.2,3.01,7,Physics,Chemistry,50.6,0,Medium,1,High,65.1,81.85,13.57,59.7,Low Engagement,61.592697
S0402,19,Male,Reading/Writing,86.8,60.9,32.0,6.97,5,Literature,Biology,34.5,0,High,1,Medium,94.7,73.85,4.53,56.2,Fast Learner,56.73276
S0403,17,Female,Kinesthetic,65.3,24.7,70.7,2.71,4,Biology,Computer Science,84.2,1,High,1,High,47.1,45.0,25.16,44.4,Low Engagement,48.34673
S0404,16,Female,Auditory,79.1,43.9,33.0,3.99,7,Biology,Calculus,76.4,1,Medium,1,High,74.9,61.5,8.07,50.5,Fast Learner,51.267643
S0405,20,Female,Visual,87.2,100.0,83.5,6.26,2,Geometry,Computer Science,30.6,1,Medium,1,High,72.6,93.6,13.13,75.2,Fast Learner,76.02759
S0406,21,Female,Visual,64.7,57.3,40.1,0.92,1,History,Geometry,50.1,1,High,1,Medium,14.2,61.0,39.31,55.6,Low Engagement,54.9603
S0407,17,Female,Visual,79.5,90.9,23.2,5.35,1,Calculus,Statistics,68.6,1,High,0,Low,58.5,85.2,4.26,61.6,Low Engagement,65.24047
S0408,15,Female,Kinesthetic,90.0,72.2,62.1,2.92,1,History,Physics,73.9,1,Medium,0,Medium,34.2,81.1,20.56,74.8,Low Engagement,72.06017
S0409,23,Male,Reading/Writing,56.4,61.3,70.9,5.03,5,Calculus,Algebra,34.6,1,Medium,1,Medium,75.3,58.85,13.82,58.5,Fast Learner,56.494175
S0410,16,Male,Auditory,75.4,84.0,77.8,4.3,7,Computer Science,Algebra,63.2,1,High,1,Low,78.0,79.7,17.68,73.9,Fast Learner,76.021645
S0411,14,Male,Kinesthetic,64.8,27.1,71.4,9.21,2,Biology,Computer Science,75.8,0,Medium,1,Medium,100.0,45.95,7.67,54.9,Fast Learner,57.510807
S0412,21,Male,Reading/Writing,57.4,44.1,46.8,4.21,8,Geometry,Calculus,58.0,1,Medium,0,Medium,82.1,50.75,10.86,47.0,Fast Learner,47.81637
S0413,16,Female,Kinesthetic,52.0,61.1,82.3,8.69,4,Statistics,Computer Science,70.1,0,High,0,High,100.0,56.55,9.36,79.1,Fast Learner,72.65415
S0414,23,Female,Auditory,57.1,45.8,87.2,6.17,3,Chemistry,Calculus,55.2,1,Medium,0,Low,76.7,51.45,13.91,65.7,Fast Learner,65.197235
S0415,20,Male,Reading/Writing,75.9,59.5,43.9,3.4,8,Literature,History,83.2,1,Medium,0,Medium,74.0,67.7,12.54,53.9,Fast Learner,59.28204
S0416,23,Male,Kinesthetic,50.8,85.4,64.4,5.66,2,Physics,Literature,49.0,1,High,0,Low,66.6,68.1,11.18,76.2,Low Engagement,61.52358
S0417,18,Male,Auditory,66.7,72.4,62.5,4.39,3,Literature,Algebra,42.2,1,High,1,Low,58.9,69.55,13.92,59.5,Low Engagement,61.269714
S0418,23,Female,Visual,87.2,94.0,72.4,5.48,3,Physics,Geometry,65.6,1,Medium,1,Low,69.8,90.6,12.97,79.5,Low Engagement,78.26126
S0419,18,Female,Auditory,81.7,73.5,63.9,3.57,1,Computer Science,Geometry,36.3,1,Medium,1,High,40.7,77.6,17.41,69.0,Low Engagement,67.12498
S0420,20,Male,Visual,67.0,87.9,66.6,8.38,6,History,Geometry,22.9,1,Medium,0,Low,100.0,77.45,7.85,59.2,Fast Learner,63.61902
S0421,22,Female,Kinesthetic,100.0,68.8,80.8,6.85,2,Algebra,Statistics,86.7,1,High,0,High,78.5,84.4,11.63,74.7,Fast Learner,77.85973
S0422,18,Female,Reading/Writing,100.0,59.4,45.7,5.06,1,Biology,Geometry,45.3,1,Low,1,Low,55.6,79.7,8.86,68.5,Low Engagement,61.861126
S0423,14,Male,Reading/Writing,75.4,96.7,82.7,8.46,2,Statistics,Biology,38.3,1,Medium,1,High,94.6,86.05,9.66,76.3,Fast Learner,77.58011
S0424,23,Female,Kinesthetic,38.0,57.2,90.8,5.15,6,Physics,Literature,48.8,0,Medium,0,High,81.5,47.6,17.3,66.3,Fast Learner,67.46524
S0425,23,Female,Reading/Writing,88.3,76.2,100.0,7.2,4,Chemistry,Biology,47.9,0,High,1,High,92.0,82.25,13.7,78.6,Fast Learner,78.917915
S0426,14,Male,Reading/Writing,40.6,83.8,25.1,5.08,6,Physics,Chemistry,62.2,1,Low,0,High,80.8,62.2,4.85,49.7,Fast Learner,52.33826
S0427,15,Male,Visual,97.1,85.1,64.3,5.79,9,Algebra,Computer Science,43.1,1,Medium,1,High,100.0,91.1,10.92,83.3,Fast Learner,81.00723
S0428,19,Male,Kinesthetic,91.3,49.0,28.7,4.84,8,Literature,Algebra,75.0,1,Low,1,High,88.4,70.15,5.81,57.0,Fast Learner,54.790462
S0429,22,Male,Auditory,100.0,88.9,19.3,5.19,1,Geometry,Computer Science,77.9,1,High,0,Medium,56.9,94.45,3.65,61.8,Low Engagement,64.0194
S0430,21,Female,Visual,78.9,52.4,70.9,5.34,8,Literature,Geometry,39.5,1,Medium,1,Low,93.4,65.65,13.03,59.3,Fast Learner,60.868202
S0431,18,Female,Kinesthetic,69.6,84.6,60.0,3.66,9,Computer Science,Physics,52.6,1,Medium,0,Low,81.6,77.1,15.96,64.1,Fast Learner,63.60907
S0432,14,Male,Visual,68.2,79.6,74.0,4.2,6,Geometry,Physics,54.5,1,Medium,1,Low,72.0,73.9,17.21,75.6,Low Engagement,65.47145
S0433,20,Male,Auditory,66.8,84.7,77.7,4.57,5,Literature,Chemistry,61.7,0,High,1,Medium,70.7,75.75,16.64,76.0,Low Engagement,73.46278
S0434,18,Male,Auditory,89.7,48.3,93.0,5.46,6,Chemistry,Literature,86.7,1,Medium,1,Medium,84.6,69.0,16.73,69.4,Fast Learner,70.576744
S0435,19,Male,Kinesthetic,85.7,80.6,69.1,4.94,6,Literature,History,87.8,1,Low,1,High,79.4,83.15,13.71,76.0,Fast Learner,74.80024
S0436,20,Female,Auditory,76.8,89.5,100.0,7.35,9,Chemistry,History,100.0,1,Medium,1,High,100.0,83.15,13.42,87.2,Fast Learner,86.36522
S0437,16,Male,Visual,64.2,73.5,74.1,6.69,4,Chemistry,History,19.6,1,High,0,Medium,86.9,68.85,10.91,65.3,Fast Learner,63.891502
S0438,23,Male,Auditory,100.0,55.3,100.0,4.61,2,Geometry,Algebra,46.5,1,Medium,1,Medium,56.1,77.65,21.23,73.2,Low Engagement,73.90569
S0439,16,Male,Visual,88.7,86.6,21.3,7.76,9,History,Algebra,100.0,1,High,0,High,100.0,87.65,2.71,70.8,Fast Learner,71.63449
S0440,18,Female,Visual,51.0,72.1,95.0,8.75,2,Calculus,History,29.0,1,High,0,Low,97.5,61.55,10.73,68.1,Fast Learner,68.80024
S0441,19,Male,Auditory,67.3,39.9,64.4,0.91,9,Biology,Physics,100.0,1,Low,1,High,54.1,53.6,63.76,63.2,Struggling Learner,60.264217
S0442,22,Female,Kinesthetic,89.0,53.9,29.0,6.86,2,Physics,Literature,67.9,0,Medium,0,Low,78.6,71.45,4.17,50.6,Fast Learner,52.78779
S0443,18,Male,Reading/Writing,63.0,60.5,76.4,3.61,8,Calculus,Geometry,68.7,1,Medium,0,Medium,76.1,61.75,20.59,61.8,Fast Learner,64.60786
S0444,14,Female,Auditory,80.3,97.1,61.9,6.6,9,Algebra,Literature,39.4,1,Medium,1,Low,100.0,88.7,9.24,86.0,Fast Learner,83.07563
S0445,17,Female,Visual,89.3,93.9,79.6,7.48,9,History,Physics,56.0,1,Medium,0,High,100.0,91.6,10.5,89.9,Fast Learner,87.07676
S0446,18,Male,Visual,24.2,93.9,88.2,3.25,9,Calculus,Literature,99.9,1,Medium,1,Medium,77.5,59.05,26.33,72.6,Fast Learner,71.65685
S0447,23,Male,Auditory,73.4,74.2,38.2,1.3,2,Geometry,Statistics,64.0,0,High,0,Low,23.0,73.8,27.29,65.0,Low Engagement,64.101074
S0448,23,Female,Kinesthetic,74.0,86.4,88.3,6.67,4,Algebra,Geometry,56.1,0,Medium,0,Low,86.7,80.2,13.04,83.6,Fast Learner,80.28592
S0449,18,Female,Kinesthetic,68.8,49.5,68.1,5.27,7,Statistics,Algebra,73.1,1,High,0,Medium,87.7,59.15,12.68,58.7,Fast Learner,58.483032
S0450,20,Male,Visual,79.5,70.1,95.1,1.66,2,History,Physics,61.2,1,Low,1,High,26.6,74.8,54.03,72.2,Struggling Learner,75.14262
S0451,17,Female,Visual,84.9,78.1,63.9,10.06,1,Calculus,Geometry,71.9,1,Low,1,High,100.0,81.5,6.29,75.6,Fast Learner,72.75518
S0452,14,Female,Kinesthetic,77.1,50.7,58.6,6.25,3,Algebra,History,48.0,1,High,0,Medium,77.5,63.9,9.23,59.3,Fast Learner,56.51151
S0453,18,Female,Reading/Writing,69.4,73.8,68.5,6.34,4,Statistics,Computer Science,63.5,1,Medium,0,Medium,83.4,71.6,10.64,65.5,Fast Learner,66.48125
S0454,20,Male,Auditory,84.5,100.0,70.0,7.73,8,Literature,Physics,52.2,1,High,1,Medium,100.0,92.25,8.94,81.8,Fast Learner,82.17895
S0455,23,Female,Visual,75.7,80.1,54.7,3.84,6,Algebra,Physics,28.9,1,Medium,0,High,68.4,77.9,13.88,55.3,Low Engagement,58.48667
S0456,23,Male,Visual,71.5,86.5,58.1,5.26,2,Geometry,Calculus,74.6,1,Medium,1,High,62.6,79.0,10.84,69.0,Low Engagement,66.30318
S0457,19,Female,Kinesthetic,55.3,25.9,43.5,2.36,9,Literature,Biology,40.3,1,High,0,Medium,68.6,40.6,17.68,34.8,Low Engagement,39.764957
S0458,18,Male,Auditory,51.6,98.0,59.3,3.78,2,Geometry,History,61.7,1,Medium,1,High,47.8,74.8,15.28,59.6,Low Engagement,62.488953
S0459,17,Male,Kinesthetic,55.0,66.6,81.5,5.77,5,Calculus,Computer Science,83.5,0,Medium,0,Medium,82.7,60.8,13.88,64.8,Fast Learner,66.79303
S0460,15,Male,Auditory,79.2,56.2,65.3,1.67,4,Biology,Algebra,35.0,1,High,1,High,36.7,67.7,36.89,61.9,Low Engagement,61.767418
S0461,17,Female,Auditory,73.8,66.9,88.2,3.73,7,Calculus,Geometry,77.1,1,Medium,1,High,72.3,70.35,23.03,70.6,Low Engagement,73.31845
S0462,23,Male,Auditory,52.8,43.3,64.3,3.14,8,Literature,Computer Science,59.0,1,High,1,High,71.4,48.05,19.85,47.4,Low Engagement,52.51839
S0463,23,Male,Visual,84.7,88.9,39.4,5.28,5,Chemistry,Statistics,45.7,0,High,0,High,77.8,86.8,7.32,66.5,Fast Learner,65.298325
S0464,16,Male,Reading/Writing,95.6,64.0,79.9,6.15,5,Calculus,Physics,100.0,1,High,1,Low,86.5,79.8,12.78,85.5,Fast Learner,80.85607
S0465,23,Female,Kinesthetic,66.0,56.7,54.5,6.48,2,Literature,Geometry,65.0,0,Low,1,High,74.8,61.35,8.28,60.6,Fast Learner,59.393497
S0466,14,Other,Reading/Writing,48.9,67.0,63.3,7.0,8,Algebra,Computer Science,53.6,0,Medium,0,Medium,100.0,57.95,8.92,68.2,Fast Learner,58.329964
S0467,21,Male,Kinesthetic,64.4,90.1,92.8,7.74,2,Computer Science,Literature,49.4,1,High,0,Low,87.4,77.25,11.84,84.1,Fast Learner,79.30941
S0468,18,Female,Auditory,87.8,72.4,44.8,6.21,6,Calculus,Algebra,82.6,1,Medium,1,Medium,92.1,80.1,7.1,63.9,Fast Learner,68.69721
S0469,17,Female,Visual,83.2,44.6,71.3,8.77,8,Algebra,Statistics,52.8,1,Low,0,High,100.0,63.9,8.04,66.2,Fast Learner,63.552097
S0470,21,Female,Reading/Writing,61.2,78.4,67.2,5.24,6,Geometry,History,80.1,1,Medium,1,Low,82.4,69.8,12.58,67.8,Fast Learner,65.84511
S0471,20,Male,Visual,97.8,53.3,82.0,4.65,4,History,Statistics,65.0,0,Medium,1,Medium,66.5,75.55,17.26,77.3,Low Engagement,74.01599
S0472,15,Male,Kinesthetic,95.2,31.2,85.1,6.21,4,Biology,History,87.3,1,High,1,Medium,82.1,63.2,13.49,68.6,Fast Learner,68.42198
S0473,14,Male,Visual,64.0,96.9,73.3,4.57,6,Geometry,History,44.1,1,High,1,Low,75.7,80.45,15.7,68.1,Fast Learner,69.14343
S0474,24,Male,Visual,63.9,78.2,60.8,8.71,4,Geometry,Literature,46.9,1,Medium,1,Low,100.0,71.05,6.9,71.0,Fast Learner,65.70868
S0475,17,Male,Reading/Writing,66.1,68.6,77.5,7.26,8,Literature,Physics,59.4,1,Low,0,High,100.0,67.35,10.53,70.0,Fast Learner,67.48494
S0476,21,Female,Auditory,67.4,63.8,94.7,6.5,9,Chemistry,Biology,61.0,1,High,1,High,100.0,65.6,14.35,69.6,Fast Learner,73.89931
S0477,15,Male,Visual,89.3,95.1,67.5,5.26,1,Physics,Calculus,57.9,1,Medium,0,Low,57.6,92.2,12.59,73.3,Low Engagement,75.186935
S0478,16,Male,Auditory,81.4,100.0,62.7,4.19,4,Computer Science,Chemistry,100.0,0,High,1,High,61.9,90.7,14.62,75.1,Low Engagement,78.104866
S0479,14,Female,Kinesthetic,88.2,78.1,75.8,6.4,4,Chemistry,Statistics,100.0,1,Medium,1,High,84.0,83.15,11.66,73.8,Fast Learner,76.61663
S0480,14,Male,Visual,85.1,51.5,68.8,2.75,2,Literature,Computer Science,71.0,1,Medium,0,Medium,37.5,68.3,24.14,61.7,Low Engagement,63.075123
S0481,16,Female,Reading/Writing,100.0,67.2,41.2,8.07,6,Biology,Literature,73.3,0,Medium,1,High,100.0,83.6,5.04,67.8,Fast Learner,69.36356
S0482,24,Female,Kinesthetic,59.1,77.8,72.8,4.64,3,Computer Science,Literature,60.3,1,High,0,High,61.4,68.45,15.36,66.7,Low Engagement,65.17453
S0483,18,Male,Kinesthetic,80.7,27.7,41.1,5.61,7,Computer Science,Biology,44.0,1,Medium,1,Medium,91.1,54.2,7.2,45.2,Fast Learner,46.5315
S0484,16,Female,Reading/Writing,42.4,76.0,75.5,3.18,5,Literature,Algebra,61.4,1,Medium,1,Low,56.8,59.2,23.02,70.7,Low Engagement,63.436417
S0485,14,Female,Visual,55.2,77.9,52.1,6.45,4,Statistics,Geometry,80.4,0,Medium,1,High,84.5,66.55,7.95,52.1,Fast Learner,57.11031
S0486,14,Female,Visual,73.9,93.9,68.7,4.09,5,Geometry,Physics,91.1,0,High,0,Medium,65.9,83.9,16.4,77.8,Low Engagement,75.13283
S0487,21,Female,Kinesthetic,81.3,92.0,75.8,6.3,8,History,Calculus,84.9,1,High,1,Low,100.0,86.65,11.84,79.7,Fast Learner,81.19126
S0488,23,Female,Visual,73.5,72.0,100.0,6.51,3,Statistics,Geometry,34.8,1,Medium,1,Medium,80.1,72.75,15.13,69.7,Fast Learner,71.2374
S0489,24,Female,Auditory,66.5,97.3,82.9,3.7,7,Literature,Algebra,59.2,1,Medium,0,Medium,72.0,81.9,21.82,79.0,Low Engagement,77.393135
S0490,15,Male,Reading/Writing,69.2,100.0,95.3,2.75,6,Statistics,Computer Science,35.6,1,Medium,1,High,57.5,84.6,33.44,78.7,Low Engagement,77.53758
S0491,16,Male,Auditory,95.5,70.5,100.0,8.06,1,History,Calculus,88.4,1,Medium,0,Medium,85.6,83.0,12.25,90.8,Fast Learner,83.3354
S0492,15,Male,Visual,69.2,77.5,77.8,4.62,7,Literature,Algebra,56.8,1,Low,1,Low,81.2,73.35,16.48,75.1,Fast Learner,69.872635
S0493,16,Female,Kinesthetic,100.0,38.2,73.7,5.45,7,Literature,Algebra,64.1,1,Medium,1,Medium,89.5,69.1,13.28,76.2,Fast Learner,69.96348
S0494,20,Male,Reading/Writing,86.9,43.9,46.7,5.97,1,Computer Science,Algebra,74.6,1,Medium,1,Medium,64.7,65.4,7.69,54.3,Low Engagement,54.476643
S0495,14,Female,Visual,81.9,54.9,65.7,2.49,9,Statistics,History,100.0,1,Low,1,Low,69.9,68.4,25.37,75.0,Low Engagement,65.861664
S0496,23,Female,Visual,57.1,62.0,53.5,5.93,6,Algebra,Calculus,70.4,0,Medium,1,Medium,89.3,59.55,8.87,52.1,Fast Learner,57.60372
S0497,21,Female,Kinesthetic,89.0,50.3,60.0,5.2,2,Calculus,Algebra,60.2,1,High,1,High,62.0,69.65,11.32,61.0,Low Engagement,59.01177
S0498,23,Other,Kinesthetic,67.6,69.4,100.0,3.71,5,Literature,Biology,40.2,1,Medium,0,Low,62.1,68.5,26.25,70.4,Low Engagement,73.332855
S0499,23,Female,Auditory,57.1,62.6,70.3,2.69,4,Statistics,Computer Science,94.2,1,Medium,0,Medium,46.9,59.85,25.2,67.2,Low Engagement,65.22034
S0500,23,Female,Reading/Writing,82.7,89.3,50.5,6.21,7,Physics,Calculus,61.4,1,Medium,1,Medium,97.1,86.0,8.0,72.6,Fast Learner,72.67036
